contig	length	gc_perc	transl_table	cds_coding_density
STAU002.0321.00050.C001.PICI.TypeB.variant0002.Set1	10872	0.32	11	93.0
POSP014.0321.00001.C001.PICI.TypeB.variant0001.Set1	6665	0.59	11	96.65
STAU002.0321.00250.C001.PICI.TypeB.variant0002.Set1	12140	0.31	11	94.47
STAU002.0321.00374.C001.PICI.TypeB.variant0002.Set1	10420	0.32	11	94.1
MYTU002.0321.00238.C001.PICI.TypeB.variant0004.Set1	7862	0.66	11	95.38
ESCO001.0321.00096.C001.PICI.TypeA.Set1	8408	0.46	11	96.56
STAU002.0321.00132.C001.PICI.TypeB.variant0002.Set1	10840	0.32	11	91.04
ESCO001.0321.00611.C001.PICI.TypeA.Set1	10151	0.5	11	93.65
ESCO001.0321.00651.C001.PICI.TypeA.Set1	9899	0.5	11	90.49
HECO001.0321.00001.C001.PICI.TypeB.variant0001.Set1	6494	0.42	11	95.06
SIME002.0321.00021.C001.PICI.TypeB.variant0001.Set1	9882	0.6	11	95.58
LARA001.0321.00005.C001.PICI.TypeB.variant0002.Set1	19814	0.36	11	91.92
MYTU002.0321.00164.C001.PICI.TypeB.variant0003.Set1	7023	0.67	11	94.56
ESCO001.0321.01009.C001.PICI.TypeA.Set1	9413	0.5	11	95.3
ESCO001.0321.00668.C001.PICI.TypeA.Set1	9887	0.5	11	90.48
ESCO001.0321.00026.C001.PICI.TypeA.Set1	9230	0.49	11	92.57
ESCO001.0321.00568.C001.PICI.TypeA.Set1	9887	0.5	11	90.48
MYCH002.0321.00002.C001.PICI.TypeB.variant0001.Set1	9489	0.65	11	95.63
STAU002.0321.00081.C001.PICI.TypeB.variant0002.Set2	10337	0.32	11	91.64
MYTU002.0321.00229.C001.PICI.TypeB.variant0004.Set1	7861	0.66	11	94.53
STAU002.0321.00583.C001.PICI.TypeB.variant0002.Set1	12111	0.32	11	91.88
ESCO001.0321.01293.C001.PICI.TypeA.Set1	9887	0.5	11	92.37
MYTU002.0321.00158.C001.PICI.TypeB.variant0003.Set1	7021	0.67	11	93.86
STAU002.0321.00024.C001.PICI.TypeB.variant0002.Set1	11302	0.31	11	92.49
MYTU002.0321.00112.C001.PICI.TypeB.variant0003.Set1	7023	0.67	11	94.56
MYTU002.0321.00273.C001.PICI.TypeB.variant0003.Set1	7023	0.67	11	94.56
LACR001.0321.00002.C001.PICI.TypeB.variant0001.Set1	13588	0.36	11	88.88
ESCO001.0321.00917.C001.PICI.TypeB.variant0001.Set1	8700	0.49	11	94.34
MESP018.0321.00001.C001.PICI.TypeB.variant0001.Set1	7971	0.66	11	98.49
ESCO001.0321.00682.C001.PICI.TypeA.Set1	9897	0.5	11	89.75
ESCO001.0321.01342.C001.PICI.TypeA.Set1	9887	0.5	11	90.48
MYTU002.0321.00163.C001.PICI.TypeB.variant0004.Set1	7862	0.66	11	98.32
TRSP003.0321.00002.C001.PICI.TypeB.variant0001.Set1	23665	0.58	11	95.84
ESCO001.0321.01318.C001.PICI.TypeA.Set1	9899	0.5	11	90.49
MYNO002.0321.00001.C001.PICI.TypeB.variant0001.Set1	5413	0.63	11	93.33
STAU002.0321.00327.C001.PICI.TypeB.variant0002.Set1	10337	0.32	11	91.64
MYHI001.0321.00001.C001.PICI.TypeB.variant0003.Set1	7376	0.61	11	95.91
STAU002.0321.00141.C001.PICI.TypeB.variant0002.Set1	12675	0.32	11	92.37
TISP001.0321.00001.C001.PICI.TypeB.variant0001.Set1	6507	0.4	11	90.66
MYTU002.0321.00053.C001.PICI.TypeB.variant0004.Set1	7862	0.66	11	95.38
ESCO001.0321.01372.C001.PICI.TypeA.Set1	9899	0.5	11	90.49
MYTU002.0321.00095.C001.PICI.TypeB.variant0004.Set1	7862	0.66	11	95.38
MYTU002.0321.00229.C001.PICI.TypeB.variant0003.Set2	7022	0.67	11	94.37
MYTU002.0321.00258.C001.PICI.TypeB.variant0003.Set1	7023	0.67	11	97.39
MYTU002.0321.00133.C001.PICI.TypeB.variant0003.Set1	7400	0.67	11	95.8
STAU002.0321.00251.C001.PICI.TypeB.variant0002.Set2	10337	0.32	11	91.64
STAU002.0321.00274.C001.PICI.TypeB.variant0002.Set1	11709	0.32	11	90.85
MYTU002.0321.00192.C001.PICI.TypeB.variant0004.Set1	7862	0.66	11	98.32
GIBE001.0321.00001.C001.PICI.TypeB.variant0004.Set1	8020	0.52	11	92.44
ESCO001.0321.01491.C001.PICI.TypeA.Set1	9778	0.5	11	94.0
ESCO001.0321.01353.C001.PICI.TypeA.Set1	9899	0.5	11	92.38
MYTU002.0321.00018.C001.PICI.TypeB.variant0003.Set1	7023	0.67	11	97.39
MYTU002.0321.00122.C001.PICI.TypeB.variant0004.Set1	7862	0.66	11	95.38
CLSP004.0321.00001.C001.PICI.TypeB.variant0001.Set1	9159	0.3	11	90.99
STAR002.0321.00003.C001.PICI.TypeB.variant0002.Set1	10416	0.32	11	92.18
STAU002.0321.00529.C001.PICI.TypeB.variant0002.Set1	10863	0.32	11	92.39
STSP040.0321.00001.C001.PICI.TypeB.variant0002.Set1	14746	0.31	11	90.27
MYTU002.0321.00220.C001.PICI.TypeB.variant0003.Set1	7023	0.67	11	94.56
ESCO001.0321.00826.C001.PICI.TypeB.variant0003.Set1	9891	0.51	11	91.77
MYTU002.0321.00031.C001.PICI.TypeB.variant0003.Set1	7023	0.67	11	94.56
BIAN002.0321.00006.C001.PICI.TypeB.variant0001.Set1	7779	0.59	11	96.23
MYTU002.0321.00066.C001.PICI.TypeB.variant0004.Set1	7862	0.66	11	95.38
MYCH002.0321.00001.C001.PICI.TypeB.variant0001.Set1	9489	0.65	11	95.63
RHSP019.0321.00001.C001.PICI.TypeB.variant0001.Set1	5889	0.61	11	96.57
MYTU002.0321.00143.C001.PICI.TypeB.variant0003.Set1	7023	0.67	11	97.39
STAU002.0321.00334.C001.PICI.TypeB.variant0002.Set2	10793	0.32	11	92.31
MYTU002.0321.00255.C001.PICI.TypeB.variant0003.Set1	7023	0.67	11	94.56
STAU002.0321.00177.C001.PICI.TypeB.variant0002.Set1	10716	0.32	11	92.65
ESCO001.0321.00542.C001.PICI.TypeA.Set1	9779	0.5	11	93.86
MYTU002.0321.00115.C001.PICI.TypeB.variant0003.Set1	7023	0.67	11	94.56
ESCO001.0321.01327.C001.PICI.TypeA.Set1	7902	0.49	11	90.84
ESCO001.0321.00351.C001.PICI.TypeB.variant0003.Set1	9381	0.48	11	93.4
ESCO001.0321.00443.C001.PICI.TypeA.Set1	8935	0.49	11	93.7
ESCO001.0321.00641.C001.PICI.TypeB.variant0002.Set1	9735	0.5	11	96.38
MYTU002.0321.00047.C001.PICI.TypeB.variant0003.Set1	7023	0.67	11	94.56
MACA003.0321.00002.C001.PICI.TypeB.variant0002.Set1	8583	0.32	11	94.06
STAU002.0321.00248.C001.PICI.TypeB.variant0002.Set1	12140	0.31	11	94.74
ESCO001.0321.00482.C001.PICI.TypeB.variant0001.Set1	7695	0.5	11	93.93
COJE001.0321.00002.C001.PICI.TypeB.variant0001.Set1	7326	0.56	11	93.93
STAU002.0321.00543.C001.PICI.TypeB.variant0002.Set1	10150	0.32	11	92.42
RHSP023.0321.00001.C001.PICI.TypeB.variant0001.Set1	8447	0.6	11	96.69
STWA001.0321.00005.C001.PICI.TypeB.variant0002.Set1	10490	0.31	11	92.53
ESCO001.0321.00768.C001.PICI.TypeA.Set1	9232	0.48	11	96.99
SHBO001.0321.00009.C001.PICI.TypeB.variant0001.Set1	8904	0.49	11	97.26
MYTU002.0321.00121.C001.PICI.TypeB.variant0004.Set1	7862	0.66	11	95.38
MYTU002.0321.00069.C001.PICI.TypeB.variant0004.Set1	7862	0.66	11	95.38
SHBO001.0321.00003.C001.PICI.TypeB.variant0001.Set1	8604	0.49	11	94.05
ESCO001.0321.01346.C001.PICI.TypeA.Set1	9899	0.5	11	90.49
MYTU002.0321.00162.C001.PICI.TypeB.variant0004.Set1	7862	0.66	11	95.38
MYTU002.0321.00036.C001.PICI.TypeB.variant0003.Set1	7023	0.67	11	94.56
ESCO001.0321.01270.C001.PICI.TypeA.Set1	8408	0.46	11	96.56
PEPA002.0321.00001.C001.PICI.TypeB.variant0002.Set1	6596	0.66	11	97.12
ESCO001.0321.00506.C001.PICI.TypeA.Set1	8933	0.49	11	94.75
STAU002.0321.00531.C001.PICI.TypeB.variant0002.Set1	10862	0.32	11	92.92
SPRI001.0321.00001.C001.PICI.TypeB.variant0002.Set1	9854	0.45	11	92.05
MYTU002.0321.00114.C001.PICI.TypeB.variant0004.Set1	7862	0.66	11	95.38
ESCO001.0321.01270.C001.PICI.TypeA.Set3	9887	0.5	11	92.37
ESCO001.0321.00920.C001.PICI.TypeA.Set1	10151	0.5	11	93.65
MYTU002.0321.00186.C001.PICI.TypeB.variant0004.Set1	7862	0.66	11	95.38
ESCO001.0321.01484.C001.PICI.TypeA.Set1	9899	0.5	11	90.27
LARA001.0321.00006.C001.PICI.TypeB.variant0002.Set1	16971	0.37	11	94.74
ESCO001.0321.01398.C001.PICI.TypeA.Set1	9602	0.48	11	96.42
STAU002.0321.00261.C001.PICI.TypeB.variant0002.Set1	12111	0.32	11	91.88
STAU002.0321.00305.C001.PICI.TypeB.variant0002.Set1	11228	0.32	11	93.22
STSA001.0321.00002.C001.PICI.TypeB.variant0002.Set1	18311	0.42	11	94.07
MYTU002.0321.00228.C001.PICI.TypeB.variant0003.Set1	7023	0.67	11	94.56
STAU002.0321.00320.C001.PICI.TypeB.variant0002.Set1	10299	0.32	11	92.61
STAU002.0321.00440.C001.PICI.TypeB.variant0002.Set1	10499	0.32	11	93.55
STAU002.0321.00223.C001.PICI.TypeB.variant0002.Set1	10700	0.31	11	93.14
FRLI001.0321.00001.C001.PICI.TypeB.variant0002.Set1	8049	0.34	11	87.08
ACER001.0321.00001.C001.PICI.TypeB.variant0001.Set1	6315	0.67	11	99.43
ESCO001.0321.00769.C001.PICI.TypeA.Set1	9232	0.48	11	96.99
MYTU002.0321.00147.C001.PICI.TypeB.variant0003.Set1	7023	0.67	11	94.56
STAU002.0321.00054.C001.PICI.TypeB.variant0002.Set1	13745	0.3	11	93.13
ACJE001.0321.00004.C001.PICI.TypeB.variant0001.Set1	8744	0.66	11	98.08
ROMU003.0321.00002.C001.PICI.TypeB.variant0001.Set1	19663	0.59	11	93.83
COSP009.0321.00001.C001.PICI.TypeB.variant0002.Set1	5012	0.4	11	89.01
MYTU002.0321.00091.C001.PICI.TypeB.variant0003.Set1	7023	0.67	11	94.56
STAU002.0321.00121.C001.PICI.TypeB.variant0002.Set1	12242	0.31	11	91.85
ESCO001.0321.01488.C001.PICI.TypeA.Set1	9899	0.5	11	92.38
MYTU002.0321.00234.C001.PICI.TypeB.variant0003.Set1	7023	0.67	11	94.56
ESCO001.0321.01066.C001.PICI.TypeA.Set1	9236	0.47	11	97.07
SHBO001.0321.00008.C001.PICI.TypeB.variant0001.Set1	8219	0.5	11	95.3
MYTU002.0321.00140.C001.PICI.TypeB.variant0003.Set1	7023	0.67	11	94.56
ESCO001.0321.00655.C001.PICI.TypeA.Set1	9899	0.5	11	90.49
PAME002.0321.00001.C001.PICI.TypeB.variant0001.Set1	15408	0.61	11	97.5
STAU002.0321.00172.C001.PICI.TypeB.variant0002.Set1	11570	0.31	11	93.89
MYSP003.0321.00001.C001.PICI.TypeB.variant0001.Set1	6149	0.67	11	93.35
STHO001.0321.00006.C001.PICI.TypeB.variant0002.Set1	11095	0.3	11	93.32
ESCO001.0321.01464.C001.PICI.TypeA.Set1	9682	0.49	11	95.74
GOPH001.0321.00001.C001.PICI.TypeB.variant0001.Set1	10053	0.65	11	97.82
STAU002.0321.00386.C001.PICI.TypeB.variant0002.Set1	10862	0.32	11	92.92
ESCO001.0321.00571.C001.PICI.TypeA.Set1	9887	0.5	11	90.48
RHSP015.0321.00001.C001.PICI.TypeB.variant0001.Set1	5889	0.61	11	96.57
ESCO001.0321.00359.C001.PICI.TypeA.Set1	8936	0.49	11	93.22
ESCO001.0321.00650.C001.PICI.TypeA.Set1	9887	0.5	11	90.48
STAU002.0321.00304.C001.PICI.TypeB.variant0002.Set1	11935	0.31	11	95.32
ESCO001.0321.00065.C001.PICI.TypeA.Set1	9034	0.49	11	93.9
ESCO001.0321.01554.C001.PICI.TypeB.variant0001.Set1	8830	0.49	11	93.62
STAU002.0321.00529.C001.PICI.TypeB.variant0002.Set3	10793	0.32	11	92.31
ESCO001.0321.01355.C001.PICI.TypeA.Set1	9899	0.5	11	90.49
STAU002.0321.00003.C001.PICI.TypeB.variant0002.Set1	12679	0.32	11	91.73
MYIN001.0321.00005.C001.PICI.TypeB.variant0001.Set1	6502	0.65	11	94.4
MYTU002.0321.00068.C001.PICI.TypeB.variant0004.Set1	7862	0.66	11	95.38
BIAN002.0321.00007.C001.PICI.TypeB.variant0001.Set1	7779	0.59	11	96.23
STAU002.0321.00131.C001.PICI.TypeB.variant0002.Set1	10840	0.32	11	91.04
ARNA001.0321.00001.C001.PICI.TypeB.variant0001.Set1	14732	0.39	11	89.38
ESCO001.0321.01500.P002.PICI.TypeA.Set1	9899	0.5	11	94.12
MYTU002.0321.00044.C001.PICI.TypeB.variant0003.Set1	7023	0.67	11	94.56
ESCO001.0321.00196.C001.PICI.TypeA.Set1	9272	0.48	11	96.27
MYTU002.0321.00196.C001.PICI.TypeB.variant0003.Set1	7023	0.67	11	94.56
STSA003.0321.00010.C001.PICI.TypeB.variant0002.Set1	10106	0.3	11	85.28
ESCO001.0321.01327.C001.PICI.TypeA.Set2	9900	0.5	11	92.45
STAR002.0321.00005.C001.PICI.TypeB.variant0002.Set1	10082	0.31	11	94.56
LALA002.0321.00014.C001.PICI.TypeB.variant0002.Set1	14608	0.35	11	87.33
MYTU002.0321.00226.C001.PICI.TypeB.variant0004.Set1	7862	0.66	11	95.38
BUPS002.0321.00017.C001.PICI.TypeB.variant0001.Set1	14802	0.61	11	94.2
BUPS002.0321.00055.C001.PICI.TypeB.variant0004.Set1	12937	0.62	11	91.65
ESCO001.0321.01368.C001.PICI.TypeA.Set1	9899	0.5	11	90.49
STAU002.0321.00521.C001.PICI.TypeB.variant0002.Set1	9741	0.31	11	92.7
ESCO001.0321.00598.C001.PICI.TypeA.Set1	9887	0.5	11	90.48
BIAN002.0321.00024.C001.PICI.TypeB.variant0001.Set1	7779	0.59	11	96.23
FUPS001.0321.00008.C001.PICI.TypeB.variant0002.Set1	10820	0.27	11	83.65
ESCO001.0321.01359.C001.PICI.TypeA.Set1	9898	0.5	11	90.08
STEP001.0321.00024.C001.PICI.TypeB.variant0002.Set1	10274	0.32	11	93.22
STAU002.0321.00509.C001.PICI.TypeB.variant0002.Set1	10499	0.31	11	92.41
ESCO001.0321.01519.C001.PICI.TypeA.Set3	9899	0.5	11	94.12
MYTU002.0321.00105.C001.PICI.TypeB.variant0003.Set1	7023	0.67	11	94.56
MYTU002.0321.00264.C001.PICI.TypeB.variant0003.Set1	7023	0.67	11	94.56
STLU004.0321.00001.C001.PICI.TypeB.variant0002.Set1	10320	0.31	11	95.58
ESCO001.0321.00362.C001.PICI.TypeA.Set1	9779	0.5	11	93.86
ESCO001.0321.01490.C001.PICI.TypeA.Set1	9900	0.5	11	92.45
STAU002.0321.00028.C001.PICI.TypeB.variant0002.Set1	10793	0.32	11	92.31
STAU002.0321.00224.C001.PICI.TypeB.variant0002.Set1	10369	0.32	11	95.53
MYTU002.0321.00051.C001.PICI.TypeB.variant0004.Set1	7862	0.66	11	95.38
MYTU002.0321.00232.C001.PICI.TypeB.variant0003.Set1	7023	0.67	11	94.56
BATH001.0321.00012.C001.PICI.TypeB.variant0002.Set1	7546	0.38	11	89.07
STAU002.0321.00284.C001.PICI.TypeB.variant0002.Set1	10499	0.32	11	93.55
STAU002.0321.00051.C001.PICI.TypeB.variant0002.Set1	10168	0.31	11	93.17
MODI001.0321.00001.C001.PICI.TypeB.variant0002.Set1	15923	0.35	11	96.34
STAU002.0321.00330.C001.PICI.TypeB.variant0002.Set1	10150	0.32	11	92.42
MYTU002.0321.00269.C001.PICI.TypeB.variant0003.Set1	7023	0.67	11	94.56
ESCO001.0321.00543.C001.PICI.TypeA.Set1	8260	0.49	11	92.29
NISP005.0321.00001.C001.PICI.TypeB.variant0002.Set1	5875	0.65	11	101.26
ALDE001.0321.00004.C001.PICI.TypeB.variant0002.Set1	7894	0.59	11	98.58
MYTU002.0321.00253.C001.PICI.TypeB.variant0003.Set1	7023	0.67	11	94.56
STAU002.0321.00006.C001.PICI.TypeB.variant0002.Set1	12679	0.32	11	91.73
STAU002.0321.00063.C001.PICI.TypeB.variant0002.Set1	11956	0.31	11	94.96
ESCO001.0321.01411.C001.PICI.TypeA.Set1	9899	0.5	11	92.38
SIME002.0321.00003.C001.PICI.TypeB.variant0001.Set1	9882	0.6	11	95.58
STAU002.0321.00370.C001.PICI.TypeB.variant0002.Set1	10727	0.32	11	92.88
ESCO001.0321.00522.C001.PICI.TypeA.Set1	9909	0.5	11	91.27
ESCO001.0321.01302.C001.PICI.TypeA.Set1	9899	0.5	11	90.49
MYTU002.0321.00104.C001.PICI.TypeB.variant0004.Set1	7862	0.66	11	95.38
STAU002.0321.00211.C001.PICI.TypeB.variant0002.Set1	10700	0.31	11	93.14
STAU002.0321.00432.C001.PICI.TypeB.variant0002.Set1	11956	0.31	11	94.35
ESCO001.0321.00972.C001.PICI.TypeA.Set1	10151	0.5	11	93.65
MYTU002.0321.00097.C001.PICI.TypeB.variant0003.Set1	7023	0.67	11	94.56
ESCO001.0321.00671.C001.PICI.TypeA.Set1	9899	0.5	11	92.38
ESCO001.0321.01465.C001.PICI.TypeA.Set1	9682	0.49	11	95.74
ESCO001.0321.00994.C001.PICI.TypeA.Set1	7902	0.49	11	92.57
MYDI001.0321.00001.C001.PICI.TypeB.variant0001.Set1	9946	0.65	11	99.49
BIAN002.0321.00005.C001.PICI.TypeB.variant0001.Set1	7779	0.59	11	96.23
STAU002.0321.00246.C001.PICI.TypeB.variant0002.Set1	10572	0.32	11	92.47
PEDA001.0321.00004.P005.PICI.TypeB.variant0002.Set1	6561	0.4	11	93.98
MYMA005.0321.00001.C001.PICI.TypeB.variant0001.Set1	8507	0.61	11	93.89
MYTU002.0321.00222.C001.PICI.TypeB.variant0003.Set1	7023	0.67	11	94.56
ESCO001.0321.01365.C001.PICI.TypeA.Set1	9899	0.5	11	92.38
FRTU001.0321.00030.C001.PICI.TypeB.variant0002.Set1	5655	0.3	11	88.93
ESCO001.0321.00395.C001.PICI.TypeA.Set1	8190	0.49	11	92.5
STAU002.0321.00531.C001.PICI.TypeB.variant0002.Set2	11956	0.31	11	95.11
MYTU002.0321.00063.C001.PICI.TypeB.variant0004.Set1	7862	0.66	11	95.38
ESCO001.0321.00372.C001.PICI.TypeA.Set1	10274	0.49	11	92.55
ESCO001.0321.01432.C001.PICI.TypeA.Set1	9899	0.5	11	92.38
MYTU002.0321.00050.C001.PICI.TypeB.variant0004.Set1	7862	0.66	11	95.38
MYTU002.0321.00055.C001.PICI.TypeB.variant0003.Set1	7023	0.67	11	94.56
ESCO001.0321.00686.C001.PICI.TypeA.Set1	9057	0.47	11	94.19
RHAE001.0321.00002.C001.PICI.TypeB.variant0004.Set1	6920	0.69	11	98.83
ESCO001.0321.00460.C001.PICI.TypeA.Set2	9291	0.49	11	95.65
MYTU002.0321.00081.C001.PICI.TypeB.variant0003.Set1	7023	0.67	11	94.56
THSP021.0321.00001.C001.PICI.TypeA.Set1	9791	0.67	11	96.04
MYTU002.0321.00056.C001.PICI.TypeB.variant0003.Set1	7023	0.67	11	94.56
BIAN002.0321.00022.C001.PICI.TypeB.variant0001.Set1	7779	0.59	11	96.23
STAU002.0321.00252.C001.PICI.TypeB.variant0002.Set2	10337	0.32	11	91.64
ESCO001.0321.00369.C001.PICI.TypeA.Set1	10216	0.49	11	93.17
MYTU002.0321.00276.C001.PICI.TypeB.variant0003.Set1	7024	0.67	11	94.12
STAU002.0321.00251.C001.PICI.TypeB.variant0002.Set3	10150	0.32	11	92.42
STAU002.0321.00559.C001.PICI.TypeB.variant0002.Set1	10688	0.32	11	91.39
ESCO001.0321.00075.C001.PICI.TypeA.Set1	9779	0.5	11	93.86
ESCO001.0321.00381.C001.PICI.TypeA.Set1	8936	0.49	11	92.88
MYTU002.0321.00197.C001.PICI.TypeB.variant0003.Set1	7023	0.67	11	94.56
STAU002.0321.00184.C001.PICI.TypeB.variant0002.Set1	10232	0.32	11	91.96
STAU002.0321.00083.C001.PICI.TypeB.variant0002.Set1	10337	0.32	11	91.64
ESCO001.0321.00352.C001.PICI.TypeA.Set1	8935	0.49	11	93.7
STAU002.0321.00202.C001.PICI.TypeB.variant0002.Set1	10337	0.32	11	91.96
MYTU002.0321.00219.C001.PICI.TypeB.variant0003.Set1	7023	0.67	11	94.56
STAU002.0321.00439.C001.PICI.TypeB.variant0002.Set1	10151	0.31	11	92.08
MYTU002.0321.00117.C001.PICI.TypeB.variant0003.Set1	7031	0.67	11	94.62
STAU002.0321.00359.C001.PICI.TypeB.variant0002.Set1	10793	0.32	11	92.31
ESCO001.0321.01363.C001.PICI.TypeA.Set1	8408	0.46	11	96.69
MYTU002.0321.00235.C001.PICI.TypeB.variant0003.Set1	7023	0.67	11	94.56
MYTU002.0321.00079.C001.PICI.TypeB.variant0003.Set1	7023	0.67	11	94.56
STAU002.0321.00513.C001.PICI.TypeB.variant0002.Set1	9912	0.31	11	91.82
MYCO006.0321.00001.C001.PICI.TypeB.variant0001.Set1	5705	0.67	11	92.92
MYTU002.0321.00184.C001.PICI.TypeB.variant0003.Set1	7023	0.67	11	94.56
STAU002.0321.00457.C001.PICI.TypeB.variant0002.Set1	11079	0.32	11	93.54
ESCO001.0321.00367.C001.PICI.TypeA.Set1	8469	0.46	11	95.7
MYTU002.0321.00004.C001.PICI.TypeB.variant0004.Set1	7862	0.66	11	95.38
STAU002.0321.00410.C001.PICI.TypeB.variant0002.Set2	10150	0.32	11	92.42
STCO003.0321.00002.C001.PICI.TypeB.variant0002.Set1	9813	0.31	11	89.02
MYAB001.0321.00046.C001.PICI.TypeB.variant0001.Set1	9533	0.64	11	99.52
STSA001.0321.00015.C001.PICI.TypeB.variant0002.Set1	18310	0.42	11	94.08
ESCO001.0321.01319.C001.PICI.TypeA.Set1	8492	0.46	11	95.3
ESCO001.0321.01463.C001.PICI.TypeA.Set1	9227	0.49	11	91.34
MYTU002.0321.00067.C001.PICI.TypeB.variant0003.Set1	7023	0.67	11	94.56
MYTU002.0321.00123.C001.PICI.TypeB.variant0004.Set1	7862	0.66	11	95.38
STAU002.0321.00435.C001.PICI.TypeB.variant0002.Set1	10297	0.32	11	93.38
MYTU002.0321.00101.C001.PICI.TypeB.variant0004.Set1	7862	0.66	11	95.38
STPA007.0321.00003.C001.PICI.TypeB.variant0002.Set1	9623	0.31	11	92.2
STLU004.0321.00001.C001.PICI.TypeB.variant0002.Set2	9315	0.31	11	91.6
ESCO001.0321.01365.C001.PICI.TypeA.Set2	8407	0.46	11	94.97
ESCO001.0321.00994.C001.PICI.TypeA.Set2	9900	0.5	11	92.45
STAU002.0321.00410.C001.PICI.TypeB.variant0002.Set3	10336	0.32	11	91.93
MYTU002.0321.00136.C001.PICI.TypeB.variant0003.Set1	7023	0.67	11	94.56
RHSP045.0321.00001.C001.PICI.TypeB.variant0001.Set1	6261	0.67	11	95.66
ESCO001.0321.01370.C001.PICI.TypeA.Set1	9899	0.5	11	92.38
STLU004.0321.00013.C001.PICI.TypeB.variant0002.Set1	9315	0.31	11	91.67
ESCO001.0321.00722.C001.PICI.TypeB.variant0001.Set1	8534	0.5	11	93.37
ESCO001.0321.00578.C001.PICI.TypeA.Set1	9887	0.5	11	90.48
STAU002.0321.00212.C001.PICI.TypeB.variant0002.Set1	10862	0.32	11	92.92
MAAU001.0321.00001.C001.PICI.TypeB.variant0002.Set1	11684	0.41	11	96.23
ESCO001.0321.00520.C001.PICI.TypeA.Set1	9899	0.5	11	90.49
ESCO001.0321.00647.C001.PICI.TypeA.Set1	9062	0.47	11	91.55
BUTH001.0321.00019.C001.PICI.TypeB.variant0002.Set1	7277	0.61	11	93.53
ESCO001.0321.00581.C001.PICI.TypeA.Set2	9887	0.5	11	90.48
MYTU002.0321.00042.C001.PICI.TypeB.variant0004.Set1	7862	0.66	11	95.38
ESCO001.0321.00878.C001.PICI.TypeB.variant0004.Set1	8188	0.49	11	94.43
MYTU002.0321.00215.C001.PICI.TypeB.variant0003.Set1	7023	0.67	11	94.56
ESCO001.0321.01352.C001.PICI.TypeA.Set2	9899	0.5	11	92.38
BUSP018.0321.00001.C001.PICI.TypeB.variant0003.Set3	21946	0.49	11	90.17
ESCO001.0321.01482.C001.PICI.TypeA.Set1	9899	0.5	11	90.49
STEP001.0321.00020.C001.PICI.TypeB.variant0002.Set1	11646	0.31	11	91.34
BUPS002.0321.00002.C001.PICI.TypeB.variant0004.Set1	12937	0.62	11	92.39
STLU004.0321.00006.C001.PICI.TypeB.variant0002.Set1	9315	0.31	11	91.6
STAU002.0321.00147.C001.PICI.TypeB.variant0002.Set1	10081	0.31	11	93.97
BUCO001.0321.00001.C002.PICI.TypeB.variant0001.Set1	8464	0.59	11	93.5
STAU002.0321.00318.C001.PICI.TypeB.variant0002.Set1	12679	0.32	11	91.73
MYTU002.0321.00194.C001.PICI.TypeB.variant0003.Set1	7023	0.67	11	94.56
ESCO001.0321.00354.C001.PICI.TypeA.Set1	9855	0.49	11	92.59
MYTU002.0321.00167.C001.PICI.TypeB.variant0003.Set1	7023	0.67	11	94.56
STAU002.0321.00516.C001.PICI.TypeB.variant0002.Set1	12111	0.32	11	91.88
MYTU002.0321.00092.C001.PICI.TypeB.variant0004.Set1	7862	0.66	11	95.38
EUCA001.0321.00001.C001.PICI.TypeB.variant0002.Set1	17208	0.46	11	94.28
STAU002.0321.00180.C001.PICI.TypeB.variant0002.Set2	10335	0.32	11	91.91
ESCO001.0321.00260.C001.PICI.TypeA.Set1	9294	0.47	11	94.75
FUPS001.0321.00003.C001.PICI.TypeB.variant0002.Set1	10820	0.27	11	83.65
BACE001.0321.00044.C001.PICI.TypeB.variant0003.Set2	13447	0.33	11	91.64
MYTU002.0321.00102.C001.PICI.TypeB.variant0003.Set1	7023	0.67	11	94.56
ESCO001.0321.00357.C001.PICI.TypeA.Set1	9775	0.5	11	94.69
XAAU001.0321.00001.C001.PICI.TypeB.variant0002.Set1	14829	0.67	11	97.67
PRFR001.0321.00018.C001.PICI.TypeB.variant0001.Set1	8102	0.66	11	93.25
MYTU002.0321.00053.C001.PICI.TypeB.variant0003.Set2	7023	0.67	11	94.56
STAU002.0321.00156.C001.PICI.TypeB.variant0002.Set1	10566	0.32	11	92.49
STAU002.0321.00038.C001.PICI.TypeB.variant0002.Set1	10337	0.32	11	91.96
LEFE001.0321.00001.C001.PICI.TypeB.variant0002.Set1	10097	0.53	11	95.38
ESCO001.0321.00009.C001.PICI.TypeB.variant0003.Set1	9714	0.5	11	92.0
MYTU002.0321.00233.C001.PICI.TypeB.variant0003.Set1	7023	0.67	11	94.56
STWA001.0321.00004.C001.PICI.TypeB.variant0002.Set1	10016	0.32	11	92.58
ESCO001.0321.00388.C001.PICI.TypeA.Set3	9598	0.5	11	93.32
MYTU002.0321.00078.C001.PICI.TypeB.variant0003.Set1	7023	0.67	11	94.43
STEP001.0321.00032.C001.PICI.TypeB.variant0002.Set1	10782	0.3	11	92.29
ESCO001.0321.01169.C001.PICI.TypeA.Set1	9544	0.5	11	94.32
STAU002.0321.00334.C001.PICI.TypeB.variant0002.Set3	10862	0.32	11	92.92
MYTU002.0321.00081.C001.PICI.TypeB.variant0004.Set2	7862	0.66	11	95.38
ESCO001.0321.01403.C001.PICI.TypeA.Set1	8935	0.49	11	93.7
STAU002.0321.00505.C001.PICI.TypeB.variant0002.Set1	10861	0.32	11	92.4
ESCO001.0321.01298.C001.PICI.TypeA.Set1	9887	0.5	11	90.48
ESCO001.0321.00719.C001.PICI.TypeA.Set1	10148	0.5	11	93.64
STAU002.0321.00281.C001.PICI.TypeB.variant0002.Set1	10495	0.32	11	94.84
MYTU002.0321.00087.C001.PICI.TypeB.variant0004.Set1	7862	0.66	11	95.38
MYTU002.0321.00073.C001.PICI.TypeB.variant0003.Set1	7023	0.67	11	94.56
MYTU002.0321.00192.C001.PICI.TypeB.variant0003.Set2	7023	0.67	11	94.56
MYTU002.0321.00119.C001.PICI.TypeB.variant0003.Set1	7023	0.67	11	94.56
RHPY001.0321.00004.C001.PICI.TypeB.variant0004.Set1	7213	0.69	11	96.35
ESCO001.0321.01530.C001.PICI.TypeA.Set1	9887	0.5	11	90.48
STAU002.0321.00438.C001.PICI.TypeB.variant0002.Set1	10499	0.32	11	93.55
STPA007.0321.00001.C001.PICI.TypeB.variant0002.Set1	9364	0.31	11	91.99
STAU002.0321.00055.C001.PICI.TypeB.variant0002.Set1	10521	0.32	11	92.81
STAU002.0321.00040.C001.PICI.TypeB.variant0002.Set1	10770	0.32	11	90.86
STAU002.0321.00331.C001.PICI.TypeB.variant0002.Set1	10150	0.32	11	92.42
MYTU002.0321.00058.C001.PICI.TypeB.variant0004.Set1	7862	0.66	11	95.38
ESCO001.0321.00035.C001.PICI.TypeA.Set1	9229	0.49	11	90.24
STTE001.0321.00001.C001.PICI.TypeB.variant0002.Set1	6181	0.69	11	100.16
MYTU002.0321.00093.C001.PICI.TypeB.variant0003.Set1	7023	0.67	11	94.56
STAU002.0321.00452.C001.PICI.TypeB.variant0002.Set1	10608	0.31	11	92.36
MYTU002.0321.00134.C001.PICI.TypeB.variant0004.Set1	7862	0.66	11	98.32
MYTU002.0321.00271.C001.PICI.TypeB.variant0004.Set1	7862	0.66	11	98.32
STSA003.0321.00010.C001.PICI.TypeB.variant0002.Set2	9044	0.3	11	85.17
RHER001.0321.00002.C001.PICI.TypeB.variant0001.Set1	6428	0.61	11	96.06
ESCO001.0321.00965.C001.PICI.TypeB.variant0001.Set1	8077	0.46	11	93.64
MYTU002.0321.00250.C001.PICI.TypeB.variant0003.Set1	7023	0.67	11	94.56
BUPS002.0321.00016.C001.PICI.TypeB.variant0001.Set1	14802	0.61	11	94.2
ESCO001.0321.00094.C001.PICI.TypeA.Set1	8470	0.47	11	94.83
ESCO001.0321.00673.C001.PICI.TypeA.Set2	8461	0.46	11	95.71
STAU002.0321.00256.C001.PICI.TypeB.variant0002.Set1	12129	0.31	11	94.83
ESCO001.0321.00069.C001.PICI.TypeA.Set1	8927	0.47	11	95.21
STEP001.0321.00027.C001.PICI.TypeB.variant0002.Set1	10794	0.31	11	87.23
STAU002.0321.00386.C001.PICI.TypeB.variant0002.Set2	10793	0.32	11	92.31
STAU002.0321.00204.C001.PICI.TypeB.variant0002.Set1	10700	0.31	11	93.14
STAU002.0321.00038.C001.PICI.TypeB.variant0002.Set3	10150	0.32	11	92.42
STAU002.0321.00050.C001.PICI.TypeB.variant0002.Set3	10408	0.32	11	93.73
MYTU002.0321.00250.C001.PICI.TypeB.variant0004.Set2	7862	0.66	11	98.32
ESCO001.0321.01371.C001.PICI.TypeA.Set1	9899	0.5	11	90.49
MYTU002.0321.00041.C001.PICI.TypeB.variant0003.Set1	7023	0.67	11	94.56
COAM002.0321.00001.C001.PICI.TypeB.variant0001.Set1	7331	0.55	11	91.73
ESCO001.0321.00066.C001.PICI.TypeA.Set1	8927	0.47	11	95.21
MASP004.0321.00001.C001.PICI.TypeB.variant0001.Set1	8704	0.61	11	96.69
MYTU002.0321.00102.C001.PICI.TypeB.variant0004.Set2	7862	0.66	11	95.38
MYTU002.0321.00175.C001.PICI.TypeB.variant0003.Set1	7023	0.67	11	94.56
ESCO001.0321.01307.C001.PICI.TypeA.Set2	9899	0.5	11	93.38
MYTU002.0321.00236.C001.PICI.TypeB.variant0003.Set1	7023	0.67	11	94.56
STAU002.0321.00329.C001.PICI.TypeB.variant0002.Set2	10337	0.32	11	91.64
ESCO001.0321.00832.C001.PICI.TypeA.Set2	9056	0.47	11	94.2
ESCO001.0321.00769.C001.PICI.TypeA.Set2	8928	0.49	11	94.13
STAU002.0321.00054.C001.PICI.TypeB.variant0002.Set2	10047	0.32	11	92.33
MYTU002.0321.00077.C001.PICI.TypeB.variant0004.Set1	7862	0.66	11	95.38
ESCO001.0321.00057.C001.PICI.TypeA.Set1	9981	0.49	11	92.39
MYTU002.0321.00059.C001.PICI.TypeB.variant0003.Set1	7023	0.67	11	94.56
COPS002.0321.00001.C001.PICI.TypeB.variant0001.Set1	6681	0.61	11	97.14
MYTU002.0321.00150.C001.PICI.TypeB.variant0004.Set1	7862	0.66	11	95.38
ESCO001.0321.01066.C001.PICI.TypeA.Set2	8925	0.47	11	94.11
ESCO001.0321.00690.C001.PICI.TypeA.Set1	9899	0.5	11	92.38
ESCO001.0321.01291.C001.PICI.TypeA.Set1	9887	0.5	11	90.48
STAU002.0321.00009.C001.PICI.TypeB.variant0002.Set1	10862	0.32	11	92.92
BIAN002.0321.00026.C001.PICI.TypeB.variant0001.Set1	7779	0.59	11	96.23
MYTU002.0321.00016.C001.PICI.TypeB.variant0003.Set1	7023	0.67	11	94.56
STAU002.0321.00007.C001.PICI.TypeB.variant0002.Set1	10840	0.32	11	91.04
ESCO001.0321.01336.C001.PICI.TypeA.Set1	9898	0.5	11	93.32
ESCO001.0321.01481.C001.PICI.TypeA.Set1	9899	0.5	11	90.49
ESCO001.0321.00587.C001.PICI.TypeA.Set1	9887	0.5	11	90.48
MYTU002.0321.00042.C001.PICI.TypeB.variant0003.Set2	7023	0.67	11	94.56
ESCO001.0321.00310.C001.PICI.TypeA.Set1	9245	0.49	11	92.98
MYCE001.0321.00001.C001.PICI.TypeB.variant0004.Set1	7618	0.62	11	91.22
STAU002.0321.00338.C001.PICI.TypeB.variant0002.Set1	10218	0.31	11	91.85
ESCO001.0321.00398.C001.PICI.TypeA.Set2	9899	0.5	11	94.12
MYTU002.0321.00015.C001.PICI.TypeB.variant0003.Set1	7404	0.67	11	96.11
MYTU002.0321.00078.C001.PICI.TypeB.variant0004.Set2	7862	0.66	11	95.38
BUPS002.0321.00084.C001.PICI.TypeB.variant0004.Set1	12937	0.62	11	92.39
MASC001.0321.00003.C001.PICI.TypeB.variant0002.Set1	8570	0.31	11	94.85
MYTU002.0321.00064.C001.PICI.TypeB.variant0003.Set1	7023	0.67	11	94.56
MYHA005.0321.00001.C001.PICI.TypeB.variant0001.Set2	5640	0.66	11	90.55
STLU004.0321.00006.C001.PICI.TypeB.variant0002.Set2	10320	0.31	11	95.58
ESCO001.0321.00278.C001.PICI.TypeA.Set1	9899	0.5	11	92.38
MYTU002.0321.00105.C001.PICI.TypeB.variant0004.Set2	7862	0.66	11	95.38
ESCO001.0321.00544.C001.PICI.TypeA.Set2	8190	0.49	11	92.37
MYTU002.0321.00190.C001.PICI.TypeB.variant0003.Set1	7023	0.67	11	94.56
STAU002.0321.00350.C001.PICI.TypeB.variant0002.Set1	10608	0.31	11	92.36
ESCO001.0321.00570.C001.PICI.TypeA.Set2	9887	0.5	11	90.48
STLU004.0321.00005.C001.PICI.TypeB.variant0002.Set1	10319	0.31	11	95.44
STDE001.0321.00001.C001.PICI.TypeB.variant0002.Set1	11589	0.33	11	81.91
MYTU002.0321.00130.C001.PICI.TypeB.variant0003.Set1	7023	0.67	11	94.56
ESCO001.0321.00655.C001.PICI.TypeA.Set2	7962	0.47	11	93.75
MYTU002.0321.00072.C001.PICI.TypeB.variant0003.Set1	7023	0.67	11	94.56
STLU004.0321.00005.C001.PICI.TypeB.variant0002.Set2	9315	0.31	11	91.54
MAST001.0321.00001.C001.PICI.TypeB.variant0002.Set1	7949	0.31	11	92.24
STAU002.0321.00398.C001.PICI.TypeB.variant0002.Set1	11079	0.32	11	93.54
ESCO001.0321.01314.C001.PICI.TypeA.Set1	9909	0.5	11	89.38
ESCO001.0321.00362.C001.PICI.TypeA.Set2	8189	0.49	11	93.85
STAU002.0321.00550.C001.PICI.TypeB.variant0002.Set1	12139	0.31	11	93.88
ESCO001.0321.00566.C001.PICI.TypeA.Set1	9898	0.5	11	91.86
ESCO001.0321.01378.C001.PICI.TypeA.Set1	9899	0.5	11	90.49
MYTU002.0321.00122.C001.PICI.TypeB.variant0003.Set2	7023	0.67	11	94.56
MYTU002.0321.00094.C001.PICI.TypeB.variant0003.Set1	7023	0.67	11	94.56
STAU002.0321.00316.C001.PICI.TypeB.variant0002.Set1	12675	0.32	11	92.37
BIAN002.0321.00001.C001.PICI.TypeB.variant0001.Set1	7779	0.59	11	96.23
STAU002.0321.00498.C001.PICI.TypeB.variant0002.Set2	9741	0.31	11	92.7
MYTU002.0321.00128.C001.PICI.TypeB.variant0003.Set1	7023	0.67	11	97.39
ESCO001.0321.01492.C001.PICI.TypeA.Set1	9778	0.5	11	94.14
STAU002.0321.00207.C001.PICI.TypeB.variant0002.Set1	10783	0.32	11	92.23
STAU002.0321.00512.C001.PICI.TypeB.variant0002.Set1	12111	0.32	11	91.88
STAR002.0321.00002.C001.PICI.TypeB.variant0002.Set1	10416	0.32	11	92.18
STHA002.0321.00009.C001.PICI.TypeB.variant0002.Set1	10365	0.32	11	93.08
ESCO001.0321.00482.C001.PICI.TypeB.variant0002.Set2	8932	0.49	11	91.54
STEP001.0321.00018.C001.PICI.TypeB.variant0002.Set1	10140	0.31	11	86.95
STAU002.0321.00325.C001.PICI.TypeB.variant0002.Set2	10670	0.32	11	91.59
STAU002.0321.00175.C001.PICI.TypeB.variant0002.Set2	10793	0.32	11	92.31
STSP129.0321.00001.C001.PICI.TypeB.variant0002.Set1	9741	0.31	11	92.7
MYTU002.0321.00205.C001.PICI.TypeB.variant0003.Set1	7023	0.67	11	94.56
STAU002.0321.00524.C001.PICI.TypeB.variant0002.Set1	10862	0.32	11	92.92
STWA001.0321.00006.C001.PICI.TypeB.variant0002.Set1	10750	0.31	11	92.54
MYTU002.0321.00084.C001.PICI.TypeB.variant0003.Set1	7023	0.67	11	94.56
STAU002.0321.00037.C001.PICI.TypeB.variant0002.Set2	12679	0.32	11	91.73
STAU002.0321.00245.C001.PICI.TypeB.variant0002.Set1	10572	0.32	11	92.47
MYTU002.0321.00106.C001.PICI.TypeB.variant0004.Set1	7862	0.66	11	95.38
BIAN002.0321.00009.C001.PICI.TypeB.variant0001.Set1	7779	0.59	11	96.23
ESCO001.0321.01354.C001.PICI.TypeA.Set1	9899	0.5	11	92.38
STCA007.0321.00004.C001.PICI.TypeB.variant0002.Set1	10287	0.3	11	93.25
MYTU002.0321.00253.C001.PICI.TypeB.variant0004.Set2	7862	0.66	11	95.38
MYTU002.0321.00199.C001.PICI.TypeB.variant0003.Set1	7023	0.67	11	94.56
ESCO001.0321.00781.C001.PICI.TypeA.Set1	9229	0.49	11	90.24
ESCO001.0321.00501.C001.PICI.TypeB.variant0001.Set2	8373	0.49	11	90.91
ESCO001.0321.00410.C001.PICI.TypeB.variant0003.Set1	9872	0.48	11	97.46
MYTU002.0321.00057.C001.PICI.TypeB.variant0004.Set1	7862	0.66	11	95.38
ESCO001.0321.01332.C001.PICI.TypeA.Set2	9899	0.5	11	92.38
STAU002.0321.00302.C001.PICI.TypeB.variant0002.Set1	11935	0.31	11	95.32
ESCO001.0321.00201.C001.PICI.TypeA.Set1	9232	0.48	11	96.99
ESCO001.0321.01456.C001.PICI.TypeA.Set1	9901	0.5	11	92.45
MYTU002.0321.00254.C001.PICI.TypeB.variant0003.Set1	7023	0.67	11	94.56
MYTU002.0321.00193.C001.PICI.TypeB.variant0003.Set1	7024	0.67	11	92.17
ESCO001.0321.01366.C001.PICI.TypeA.Set1	9899	0.5	11	92.38
GEMA001.0321.00001.C001.PICI.TypeB.variant0002.Set4	9505	0.65	11	90.93
MYTU002.0321.00109.C001.PICI.TypeB.variant0004.Set1	7862	0.66	11	95.38
ESCO001.0321.01028.C001.PICI.TypeA.Set1	9062	0.47	11	91.55
GOPH001.0321.00001.C001.PICI.TypeB.variant0001.Set2	9231	0.68	11	95.04
MYTU002.0321.00092.C001.PICI.TypeB.variant0003.Set2	7023	0.67	11	94.56
ESCO001.0321.00580.C001.PICI.TypeA.Set1	9887	0.5	11	90.48
MYTU002.0321.00231.C001.PICI.TypeB.variant0004.Set1	7861	0.66	11	94.53
MYTU002.0321.00113.C001.PICI.TypeB.variant0004.Set1	7862	0.66	11	95.38
ESCO001.0321.00358.C001.PICI.TypeA.Set2	8188	0.49	11	95.73
STEP001.0321.00005.C001.PICI.TypeB.variant0002.Set1	10700	0.31	11	89.32
STAU002.0321.00326.C001.PICI.TypeB.variant0002.Set2	10298	0.32	11	93.37
ESCO001.0321.01491.C001.PICI.TypeA.Set3	8188	0.49	11	91.84
STAU002.0321.00433.C001.PICI.TypeB.variant0002.Set1	10759	0.32	11	94.59
ESCO001.0321.01367.C001.PICI.TypeA.Set1	8408	0.46	11	96.69
MYTU002.0321.00248.C001.PICI.TypeB.variant0003.Set1	7023	0.67	11	94.56
SIME002.0321.00015.C001.PICI.TypeB.variant0001.Set1	10969	0.58	11	91.74
CLKL001.0321.00002.C001.PICI.TypeA.Set3	11563	0.31	11	92.77
STAU002.0321.00382.C001.PICI.TypeB.variant0002.Set2	10793	0.32	11	92.31
MYTU002.0321.00076.C001.PICI.TypeB.variant0004.Set1	7862	0.66	11	95.38
MYTU002.0321.00118.C001.PICI.TypeB.variant0003.Set1	7023	0.67	11	94.56
STAU002.0321.00213.C001.PICI.TypeB.variant0002.Set1	10862	0.32	11	92.92
STAU002.0321.00549.C001.PICI.TypeB.variant0002.Set1	12110	0.32	11	92.63
MYTU002.0321.00085.C001.PICI.TypeB.variant0003.Set1	7023	0.67	11	94.56
MYTU002.0321.00124.C001.PICI.TypeB.variant0004.Set1	7862	0.66	11	95.5
STAU002.0321.00382.C001.PICI.TypeB.variant0002.Set3	10862	0.32	11	92.92
ESCO001.0321.01268.C001.PICI.TypeA.Set1	9899	0.5	11	90.49
ESCO001.0321.00113.C001.PICI.TypeB.variant0002.Set1	9356	0.51	11	93.5
DESP024.0321.00001.C001.PICI.TypeB.variant0001.Set1	8670	0.66	11	94.98
STEP001.0321.00011.C001.PICI.TypeB.variant0002.Set1	10127	0.31	11	87.89
ESCO001.0321.00405.C001.PICI.TypeB.variant0001.Set1	11861	0.48	11	94.64
MYTU002.0321.00138.C001.PICI.TypeB.variant0003.Set1	7023	0.67	11	94.56
STLU004.0321.00010.C001.PICI.TypeB.variant0002.Set1	10469	0.3	11	84.02
MYIN001.0321.00011.C001.PICI.TypeB.variant0001.Set3	5823	0.62	11	96.63
ESCO001.0321.01492.C001.PICI.TypeA.Set2	8190	0.49	11	92.37
ESCO001.0321.00713.C001.PICI.TypeA.Set1	9571	0.48	11	94.93
ESCO001.0321.01277.C001.PICI.TypeA.Set1	9899	0.5	11	90.49
GOPO001.0321.00001.C001.PICI.TypeB.variant0001.Set1	7148	0.69	11	96.17
ESCO001.0321.01350.C001.PICI.TypeA.Set1	9899	0.5	11	90.49
MYTU002.0321.00055.C001.PICI.TypeB.variant0004.Set2	7862	0.66	11	95.38
STAU002.0321.00174.C001.PICI.TypeB.variant0002.Set2	10793	0.32	11	92.31
MYTU002.0321.00257.C001.PICI.TypeB.variant0003.Set1	7023	0.67	11	94.56
ESCO001.0321.01364.C001.PICI.TypeA.Set1	8408	0.46	11	96.69
ESCO001.0321.00378.C001.PICI.TypeA.Set3	9779	0.5	11	93.86
ESCO001.0321.01273.C001.PICI.TypeA.Set1	9899	0.5	11	90.49
MYTU002.0321.00046.C001.PICI.TypeB.variant0003.Set1	7023	0.67	11	94.56
MYTU002.0321.00049.C001.PICI.TypeB.variant0003.Set1	7023	0.67	11	94.56
BIAN002.0321.00002.C001.PICI.TypeB.variant0001.Set1	7779	0.59	11	96.23
GOTE001.0321.00002.C001.PICI.TypeB.variant0001.Set1	7490	0.68	11	96.3
STAU002.0321.00336.C001.PICI.TypeB.variant0002.Set1	12140	0.31	11	94.47
ESCO001.0321.01009.C001.PICI.TypeB.variant0001.Set2	7611	0.47	11	96.05
ESCO001.0321.01169.C001.PICI.TypeA.Set2	9459	0.5	11	91.12
ESCO001.0321.01369.C001.PICI.TypeA.Set2	9899	0.5	11	92.38
STAU002.0321.00209.C001.PICI.TypeB.variant0002.Set1	12679	0.32	11	92.12
MYTU002.0321.00071.C001.PICI.TypeB.variant0003.Set1	7023	0.67	11	94.13
ESCO001.0321.00513.C001.PICI.TypeA.Set1	9779	0.5	11	93.86
STAU002.0321.00441.C001.PICI.TypeB.variant0002.Set1	10298	0.32	11	93.37
STLU004.0321.00012.C001.PICI.TypeB.variant0002.Set1	10591	0.31	11	92.7
ESCO001.0321.01501.C001.PICI.TypeA.Set1	9899	0.5	11	94.12
ESCO001.0321.01326.C001.PICI.TypeA.Set2	9899	0.5	11	90.57
STAU002.0321.00416.C001.PICI.TypeB.variant0002.Set1	12675	0.32	11	92.37
STAU002.0321.00380.C001.PICI.TypeB.variant0002.Set1	10862	0.32	11	92.92
MYTU002.0321.00046.C001.PICI.TypeB.variant0004.Set2	7862	0.66	11	95.38
STAU002.0321.00350.C001.PICI.TypeB.variant0002.Set2	10432	0.32	11	92.91
MYTU002.0321.00043.C001.PICI.TypeB.variant0004.Set1	7862	0.66	11	95.38
COUL001.0321.00010.C001.PICI.TypeB.variant0001.Set1	7366	0.52	11	95.34
STAU002.0321.00310.C001.PICI.TypeB.variant0002.Set1	11935	0.31	11	95.32
ESCO001.0321.01299.C001.PICI.TypeA.Set1	9887	0.5	11	90.48
ESCO001.0321.00616.C001.PICI.TypeA.Set1	9899	0.5	11	90.49
THSP037.0321.00001.C001.PICI.TypeB.variant0002.Set1	7954	0.68	11	97.65
ESCO001.0321.00542.C001.PICI.TypeA.Set3	8190	0.49	11	92.5
STAU002.0321.00433.C001.PICI.TypeB.variant0002.Set3	10793	0.32	11	92.31
TEAL001.0321.00001.C001.PICI.TypeA.Set1	9116	0.57	11	92.44
STAU002.0321.00001.C001.PICI.TypeB.variant0002.Set1	11956	0.31	11	94.96
MYTU002.0321.00166.C001.PICI.TypeB.variant0003.Set1	7023	0.67	11	94.56
MYTU002.0321.00199.C001.PICI.TypeB.variant0004.Set2	7862	0.66	11	98.32
MYPA001.0321.00005.C001.PICI.TypeB.variant0001.Set1	9723	0.58	11	96.56
CLCE001.0321.00001.C001.PICI.TypeB.variant0002.Set1	25167	0.4	11	96.64
MYTU002.0321.00132.C001.PICI.TypeB.variant0003.Set1	7023	0.67	11	94.56
STAU002.0321.00357.C001.PICI.TypeB.variant0002.Set1	10793	0.32	11	92.31
ESCO001.0321.01337.C001.PICI.TypeA.Set1	9887	0.5	11	88.78
ESCO001.0321.01518.C001.PICI.TypeA.Set3	9899	0.5	11	94.12
ESCO001.0321.00643.C001.PICI.TypeA.Set1	9769	0.5	11	94.28
ESCO001.0321.01292.C001.PICI.TypeA.Set2	9899	0.5	11	90.49
MYIN001.0321.00004.C001.PICI.TypeB.variant0001.Set1	5823	0.62	11	96.63
MYTU002.0321.00091.C001.PICI.TypeB.variant0004.Set2	7862	0.66	11	95.38
ESCO001.0321.01347.C001.PICI.TypeA.Set1	9887	0.5	11	90.48
RHSP060.0321.00001.C001.PICI.TypeB.variant0003.Set1	6934	0.59	11	92.31
RHSP031.0321.00001.C001.PICI.TypeB.variant0004.Set1	7545	0.72	11	97.31
STAU002.0321.00551.C001.PICI.TypeB.variant0002.Set1	12140	0.31	11	94.47
MYTU002.0321.00141.C001.PICI.TypeB.variant0003.Set1	7023	0.67	11	94.56
CLMI001.0321.00013.C001.PICI.TypeB.variant0001.Set1	7867	0.7	11	95.31
STAU002.0321.00222.C001.PICI.TypeB.variant0002.Set1	12679	0.32	11	92.12
ESCO001.0321.00405.C001.PICI.TypeA.Set2	9779	0.5	11	93.86
ESCO001.0321.01502.C001.PICI.TypeA.Set2	9898	0.5	11	94.39
STEP001.0321.00033.C001.PICI.TypeB.variant0002.Set1	10120	0.31	11	87.98
ESCO001.0321.01508.C001.PICI.TypeA.Set1	9899	0.5	11	94.12
MYTU002.0321.00145.C001.PICI.TypeB.variant0003.Set1	7023	0.67	11	94.56
MYTU002.0321.00110.C001.PICI.TypeB.variant0004.Set1	7862	0.66	11	95.38
SASP016.0321.00001.C001.PICI.TypeB.variant0003.Set1	6742	0.61	11	91.66
STAU002.0321.00436.C001.PICI.TypeB.variant0002.Set1	10608	0.31	11	92.36
CLBO002.0321.00049.C001.PICI.TypeB.variant0002.Set2	6537	0.28	11	93.18
MYTU002.0321.00185.C001.PICI.TypeB.variant0003.Set1	7023	0.67	11	94.56
ESCO001.0321.00942.C001.PICI.TypeA.Set2	9299	0.48	11	95.7
THVE001.0321.00001.C001.PICI.TypeB.variant0001.Set1	6922	0.64	11	97.37
ESCO001.0321.00653.C001.PICI.TypeA.Set2	8417	0.47	11	96.91
STAU002.0321.00161.C001.PICI.TypeB.variant0002.Set2	11343	0.3	11	94.45
STAU002.0321.00417.C001.PICI.TypeB.variant0002.Set1	12137	0.31	11	94.47
ESCO001.0321.01308.C001.PICI.TypeA.Set2	9899	0.5	11	90.49
MYTU002.0321.00058.C001.PICI.TypeB.variant0003.Set2	7023	0.67	11	94.56
ESCO001.0321.01311.C001.PICI.TypeA.Set1	9899	0.5	11	90.49
MYTU002.0321.00080.C001.PICI.TypeB.variant0003.Set1	7023	0.67	11	94.13
MYTU002.0321.00117.C001.PICI.TypeB.variant0004.Set2	7862	0.66	11	95.54
ESCO001.0321.01047.C001.PICI.TypeA.Set1	8967	0.47	11	93.42
CLKL001.0321.00003.C001.PICI.TypeA.Set3	11563	0.31	11	92.77
STAU002.0321.00272.C001.PICI.TypeB.variant0002.Set1	10771	0.32	11	91.47
MYFO001.0321.00001.C001.PICI.TypeB.variant0001.Set1	8175	0.65	11	94.54
ESCO001.0321.01377.C001.PICI.TypeA.Set1	9899	0.5	11	90.49
ESCO001.0321.00674.C001.PICI.TypeA.Set1	9887	0.5	11	92.37
MYTU002.0321.00015.C001.PICI.TypeB.variant0004.Set2	7862	0.66	11	95.38
MYTU002.0321.00010.C001.PICI.TypeB.variant0003.Set1	7023	0.67	11	94.56
STAU002.0321.00372.C001.PICI.TypeB.variant0002.Set1	10862	0.32	11	92.92
STCA007.0321.00003.C001.PICI.TypeB.variant0002.Set2	10151	0.3	11	92.05
MYTU002.0321.00022.C001.PICI.TypeB.variant0003.Set1	7023	0.67	11	94.56
ESCO001.0321.00778.C001.PICI.TypeA.Set1	9679	0.49	11	95.74
STAU002.0321.00510.C001.PICI.TypeB.variant0002.Set1	12110	0.32	11	91.66
MYTU002.0321.00109.C001.PICI.TypeB.variant0003.Set2	7023	0.67	11	94.56
STAU002.0321.00298.C001.PICI.TypeB.variant0002.Set2	10652	0.32	11	91.71
ESCO001.0321.01301.C001.PICI.TypeA.Set1	9869	0.5	11	90.11
MYTU002.0321.00191.C001.PICI.TypeB.variant0003.Set1	7023	0.67	11	94.56
MYTU002.0321.00044.C001.PICI.TypeB.variant0004.Set2	7862	0.66	11	95.38
ESCO001.0321.01360.C001.PICI.TypeA.Set1	9899	0.5	11	90.49
ESCO001.0321.01530.C001.PICI.TypeA.Set3	8469	0.46	11	95.7
STAU002.0321.00195.C001.PICI.TypeB.variant0002.Set2	12111	0.32	11	91.88
ESCO001.0321.01271.C001.PICI.TypeA.Set2	9887	0.5	11	92.37
STAU002.0321.00016.C001.PICI.TypeB.variant0002.Set1	10546	0.33	11	91.99
MYTU002.0321.00236.C001.PICI.TypeB.variant0004.Set2	7862	0.66	11	95.38
ESCO001.0321.00290.C001.PICI.TypeA.Set1	8260	0.49	11	92.29
STAU002.0321.00229.C001.PICI.TypeB.variant0002.Set1	10793	0.32	11	92.31
MYTU002.0321.00099.C001.PICI.TypeB.variant0003.Set1	7023	0.67	11	94.13
ESCO001.0321.00526.C001.PICI.TypeA.Set1	9903	0.5	11	89.38
ESCO001.0321.01379.C001.PICI.TypeA.Set1	9899	0.5	11	90.49
ESCO001.0321.00681.C001.PICI.TypeA.Set1	9899	0.5	11	92.38
NOOT001.0321.00001.C001.PICI.TypeB.variant0001.Set1	8246	0.66	11	95.48
ESCO001.0321.00456.C001.PICI.TypeA.Set1	10151	0.5	11	93.65
MYTU002.0321.00266.C001.PICI.TypeB.variant0003.Set1	7023	0.67	11	94.56
ESCO001.0321.00847.C001.PICI.TypeB.variant0001.Set1	8830	0.49	11	93.73
MYTU002.0321.00120.C001.PICI.TypeB.variant0004.Set1	7862	0.66	11	95.38
STCA006.0321.00004.C001.PICI.TypeB.variant0002.Set2	11449	0.3	11	92.42
ESCO001.0321.00393.C001.PICI.TypeB.variant0003.Set1	10144	0.49	11	93.95
MYTU002.0321.00260.C001.PICI.TypeB.variant0003.Set1	7023	0.67	11	97.39
MYPA001.0321.00005.C001.PICI.TypeB.variant0001.Set3	5166	0.66	11	95.43
MYTU002.0321.00129.C001.PICI.TypeB.variant0004.Set1	7862	0.66	11	98.32
MYAL002.0321.00001.C001.PICI.TypeB.variant0001.Set2	10171	0.65	11	94.49
MYTU002.0321.00012.C001.PICI.TypeB.variant0004.Set1	7862	0.66	11	95.38
STLU004.0321.00010.C001.PICI.TypeB.variant0002.Set2	10697	0.3	11	92.17
STAU002.0321.00552.C001.PICI.TypeB.variant0002.Set1	12111	0.32	11	91.88
MYTU002.0321.00030.C001.PICI.TypeB.variant0003.Set1	7023	0.67	11	94.56
MYTU002.0321.00254.C001.PICI.TypeB.variant0004.Set2	7862	0.66	11	95.38
ESCO001.0321.00099.C001.PICI.TypeA.Set1	9899	0.5	11	92.16
MYTU002.0321.00090.C001.PICI.TypeB.variant0004.Set1	7862	0.66	11	95.38
MYSP009.0321.00001.C001.PICI.TypeB.variant0001.Set1	9887	0.65	11	98.45
STAU002.0321.00303.C001.PICI.TypeB.variant0002.Set1	11227	0.32	11	93.23
ESCO001.0321.00374.C001.PICI.TypeA.Set1	10253	0.49	11	93.53
ESCO001.0321.00378.C001.PICI.TypeA.Set4	8259	0.49	11	92.52
ALEH001.0321.00001.C001.PICI.TypeB.variant0001.Set1	8296	0.63	11	95.34
ESCO001.0321.00406.C001.PICI.TypeA.Set2	8189	0.49	11	93.85
STAU002.0321.00335.C001.PICI.TypeB.variant0002.Set2	10793	0.32	11	92.31
NOFA001.0321.00003.C001.PICI.TypeB.variant0001.Set1	9821	0.68	11	94.05
ESCO001.0321.00797.C001.PICI.TypeA.Set1	10102	0.48	11	91.84
ESCO001.0321.01359.C001.PICI.TypeA.Set2	8459	0.46	11	95.64
STAU002.0321.00129.C001.PICI.TypeB.variant0002.Set2	12111	0.32	11	91.88
MYTU002.0321.00163.C001.PICI.TypeB.variant0003.Set2	7022	0.67	11	94.15
MYTU002.0321.00089.C001.PICI.TypeB.variant0003.Set1	7023	0.67	11	94.56
STAU002.0321.00453.C001.PICI.TypeB.variant0002.Set2	10337	0.32	11	91.96
CRSP004.0321.00001.C001.PICI.TypeB.variant0001.Set2	7365	0.58	11	96.43
COAM002.0321.00002.C001.PICI.TypeB.variant0001.Set1	7331	0.55	11	91.73
MYPS001.0321.00001.C001.PICI.TypeB.variant0001.Set2	9415	0.67	11	92.63
STAU002.0321.00273.C001.PICI.TypeB.variant0002.Set1	12676	0.32	11	92.36
MYTU002.0321.00048.C001.PICI.TypeB.variant0004.Set1	7862	0.66	11	95.38
STAU002.0321.00435.C001.PICI.TypeB.variant0002.Set2	10433	0.32	11	93.3
MYTU002.0321.00049.C001.PICI.TypeB.variant0004.Set2	7862	0.66	11	95.38
STAU002.0321.00007.C001.PICI.TypeB.variant0002.Set2	10859	0.32	11	93.68
ESCO001.0321.01296.C001.PICI.TypeA.Set1	9896	0.5	11	90.49
STAU002.0321.00451.C001.PICI.TypeB.variant0002.Set1	10213	0.32	11	93.35
NIWA001.0321.00001.C001.PICI.TypeB.variant0002.Set1	5704	0.54	11	95.97
SHBO001.0321.00001.C001.PICI.TypeB.variant0001.Set2	8219	0.5	11	92.63
MYTU002.0321.00108.C001.PICI.TypeB.variant0003.Set1	7023	0.67	11	94.56
STAU002.0321.00306.C001.PICI.TypeB.variant0002.Set1	11249	0.31	11	95.07
DISP008.0321.00001.C001.PICI.TypeB.variant0001.Set1	6412	0.7	11	95.21
MYTU002.0321.00032.C001.PICI.TypeB.variant0003.Set1	7023	0.67	11	94.56
STAU002.0321.00434.C001.PICI.TypeB.variant0002.Set1	10759	0.32	11	94.59
ESCO001.0321.01351.C001.PICI.TypeA.Set3	9899	0.5	11	92.38
BASP059.0321.00001.C001.PICI.TypeB.variant0001.Set2	21611	0.45	11	98.55
MYTU002.0321.00069.C001.PICI.TypeB.variant0003.Set2	7023	0.67	11	94.56
FUPS001.0321.00009.C001.PICI.TypeB.variant0002.Set1	9243	0.25	11	76.23
MYTU002.0321.00086.C001.PICI.TypeB.variant0003.Set1	7023	0.67	11	94.56
ESCO001.0321.01375.C001.PICI.TypeA.Set1	9899	0.5	11	90.49
ESCO001.0321.00574.C001.PICI.TypeA.Set2	9887	0.5	11	90.48
STAU002.0321.00530.C001.PICI.TypeB.variant0002.Set1	11956	0.31	11	95.11
MYTU002.0321.00155.C001.PICI.TypeB.variant0003.Set1	7023	0.67	11	94.56
STAU002.0321.00492.C001.PICI.TypeB.variant0002.Set1	10696	0.32	11	90.9
PEDA001.0321.00002.P007.PICI.TypeB.variant0002.Set1	6561	0.4	11	93.98
STAU002.0321.00305.C001.PICI.TypeB.variant0002.Set2	11935	0.31	11	95.32
MYTU002.0321.00017.C001.PICI.TypeB.variant0003.Set1	7023	0.67	11	94.56
MYTU002.0321.00096.C001.PICI.TypeB.variant0004.Set1	7862	0.66	11	95.38
MYTU002.0321.00274.C001.PICI.TypeB.variant0004.Set1	7862	0.66	11	95.38
MYTU002.0321.00249.C001.PICI.TypeB.variant0003.Set1	7023	0.67	11	94.56
STAU002.0321.00450.C001.PICI.TypeB.variant0002.Set3	11054	0.31	11	89.31
MYTU002.0321.00087.C001.PICI.TypeB.variant0003.Set2	7023	0.67	11	94.56
STAU002.0321.00561.C001.PICI.TypeB.variant0002.Set2	16764	0.31	11	84.88
STAU002.0321.00507.C001.PICI.TypeB.variant0002.Set2	10369	0.32	11	95.53
ESCO001.0321.00674.C001.PICI.TypeA.Set3	8459	0.46	11	95.71
ESCO001.0321.01362.C001.PICI.TypeA.Set2	8467	0.46	11	95.71
ESCO001.0321.01390.C001.PICI.TypeB.variant0004.Set2	8188	0.49	11	94.43
ESCO001.0321.01520.C001.PICI.TypeA.Set1	9898	0.5	11	95.06
MYTU002.0321.00225.C001.PICI.TypeB.variant0003.Set1	7023	0.67	11	94.56
MYTU002.0321.00274.C001.PICI.TypeB.variant0003.Set2	7023	0.67	11	94.56
MYTU002.0321.00212.C001.PICI.TypeB.variant0003.Set1	7022	0.67	11	94.15
ESCO001.0321.01297.C001.PICI.TypeA.Set1	9899	0.5	11	90.49
MYTU002.0321.00038.C001.PICI.TypeB.variant0003.Set1	7023	0.67	11	94.56
MYTU002.0321.00179.C001.PICI.TypeB.variant0003.Set1	7023	0.67	11	94.56
GOTE001.0321.00001.C001.PICI.TypeB.variant0001.Set1	7490	0.68	11	96.3
MYTU002.0321.00127.C001.PICI.TypeB.variant0003.Set1	7023	0.67	11	94.56
ESCO001.0321.00361.C001.PICI.TypeA.Set2	9779	0.5	11	93.86
ESCO001.0321.01329.C001.PICI.TypeA.Set2	9887	0.5	11	90.48
RHSE001.0321.00001.C001.PICI.TypeB.variant0002.Set1	19670	0.61	11	97.68
HYNI001.0321.00001.C001.PICI.TypeA.Set1	7531	0.6	11	94.95
MYTU002.0321.00084.C001.PICI.TypeB.variant0004.Set2	7862	0.66	11	95.38
ESCO001.0321.00391.C001.PICI.TypeA.Set2	8189	0.49	11	93.81
STCA006.0321.00003.C001.PICI.TypeB.variant0002.Set1	10701	0.32	11	90.96
BIAN002.0321.00023.C001.PICI.TypeB.variant0001.Set1	7779	0.59	11	96.23
MYTU002.0321.00162.C001.PICI.TypeB.variant0003.Set2	7023	0.67	11	94.56
ESCO001.0321.00672.C001.PICI.TypeA.Set2	9887	0.5	11	92.37
MYTU002.0321.00126.C001.PICI.TypeB.variant0003.Set1	7023	0.67	11	97.39
MYTU002.0321.00198.C001.PICI.TypeB.variant0004.Set1	7862	0.66	11	98.32
MYTU002.0321.00013.C001.PICI.TypeB.variant0003.Set1	7023	0.67	11	94.56
ESCO001.0321.00512.C001.PICI.TypeA.Set1	8934	0.49	11	94.95
MYTU002.0321.00056.C001.PICI.TypeB.variant0004.Set2	7862	0.66	11	95.38
ERLI001.0321.00001.C001.PICI.TypeB.variant0001.Set1	7345	0.62	11	96.31
ESCO001.0321.00382.C001.PICI.TypeA.Set2	8193	0.49	11	92.48
MYTU002.0321.00188.C001.PICI.TypeB.variant0003.Set1	7023	0.67	11	94.56
MYTU002.0321.00115.C001.PICI.TypeB.variant0004.Set2	7862	0.66	11	95.38
STAU002.0321.00321.C001.PICI.TypeB.variant0002.Set2	10743	0.31	11	92.04
ESCO001.0321.00569.C001.PICI.TypeA.Set2	9887	0.5	11	90.48
GOSP003.0321.00001.C001.PICI.TypeB.variant0001.Set1	9239	0.68	11	95.14
MYTU002.0321.00237.C001.PICI.TypeB.variant0004.Set1	7862	0.66	11	95.38
STAU002.0321.00224.C001.PICI.TypeB.variant0002.Set3	16026	0.31	11	86.5
MYTU002.0321.00148.C001.PICI.TypeB.variant0004.Set1	7862	0.66	11	95.38
STAU002.0321.00132.C001.PICI.TypeB.variant0002.Set2	10859	0.32	11	93.68
ESCO001.0321.00180.C001.PICI.TypeA.Set1	8400	0.46	11	96.75
MYTU002.0321.00072.C001.PICI.TypeB.variant0004.Set2	7862	0.66	11	95.38
STAU002.0321.00436.C001.PICI.TypeB.variant0002.Set2	10297	0.32	11	93.38
MYTU002.0321.00227.C001.PICI.TypeB.variant0003.Set1	7023	0.67	11	94.56
MYTU002.0321.00062.C001.PICI.TypeB.variant0004.Set1	7862	0.66	11	95.38
ESCO001.0321.00714.C001.PICI.TypeA.Set1	9571	0.48	11	94.93
STAU002.0321.00575.C001.PICI.TypeB.variant0002.Set1	12676	0.32	11	92.36
STLU004.0321.00012.C001.PICI.TypeB.variant0002.Set2	9753	0.31	11	94.26
MYTU002.0321.00043.C001.PICI.TypeB.variant0003.Set2	7023	0.67	11	94.13
STAU002.0321.00282.C001.PICI.TypeB.variant0002.Set1	10506	0.32	11	94.94
FUNU001.0321.00006.C001.PICI.TypeB.variant0002.Set1	10945	0.27	11	84.42
STEP001.0321.00029.C001.PICI.TypeB.variant0002.Set1	11200	0.31	11	92.61
MYTU002.0321.00026.C001.PICI.TypeB.variant0003.Set1	7023	0.67	11	94.56
ESCO001.0321.00367.C001.PICI.TypeA.Set2	9776	0.5	11	94.48
MYTU002.0321.00170.C001.PICI.TypeB.variant0003.Set1	7023	0.67	11	94.56
ESCO001.0321.00949.C001.PICI.TypeB.variant0001.Set2	8429	0.5	11	95.31
MYTU002.0321.00142.C001.PICI.TypeB.variant0003.Set1	7024	0.67	11	96.95
ESCO001.0321.00369.C001.PICI.TypeA.Set2	9461	0.49	11	90.66
MYTU002.0321.00075.C001.PICI.TypeB.variant0003.Set1	7023	0.67	11	94.56
ESCO001.0321.01097.C001.PICI.TypeA.Set1	9230	0.49	11	90.95
CLNO001.0321.00002.C001.PICI.TypeA.Set1	7022	0.29	11	95.16
STCO003.0321.00002.C001.PICI.TypeB.variant0002.Set2	11530	0.31	11	88.11
STAU002.0321.00580.C001.PICI.TypeB.variant0002.Set1	12675	0.32	11	92.37
ESCO001.0321.00308.C001.PICI.TypeB.variant0003.Set1	9321	0.48	11	95.29
ESCO001.0321.00653.C001.PICI.TypeA.Set3	9899	0.5	11	90.49
STHO001.0321.00003.C001.PICI.TypeB.variant0002.Set2	11460	0.29	11	91.07
STAU002.0321.00407.C001.PICI.TypeB.variant0002.Set1	10862	0.32	11	92.92
ESCO001.0321.00437.C001.PICI.TypeB.variant0001.Set1	8699	0.5	11	96.95
MYTU002.0321.00021.C001.PICI.TypeB.variant0003.Set1	7023	0.67	11	94.56
MYMA004.0321.00001.C001.PICI.TypeB.variant0001.Set3	10053	0.57	11	97.34
STAU002.0321.00211.C001.PICI.TypeB.variant0002.Set2	10082	0.31	11	92.73
STAU002.0321.00538.C001.PICI.TypeB.variant0002.Set2	10755	0.32	11	94.02
STAU002.0321.00295.C001.PICI.TypeB.variant0002.Set1	12677	0.32	11	92.36
ESCO001.0321.01349.C001.PICI.TypeA.Set1	18756	0.5	11	91.52
STAU002.0321.00350.C001.PICI.TypeB.variant0002.Set3	10297	0.32	11	93.38
MYTU002.0321.00080.C001.PICI.TypeB.variant0004.Set2	7862	0.66	11	95.38
STAU002.0321.00193.C001.PICI.TypeB.variant0002.Set1	10328	0.32	11	94.8
ESCO001.0321.01334.C001.PICI.TypeA.Set2	9899	0.5	11	90.49
MYTU002.0321.00121.C001.PICI.TypeB.variant0003.Set2	7023	0.67	11	94.56
ESCO001.0321.01282.C001.PICI.TypeA.Set3	9887	0.5	11	92.37
MYAB001.0321.00012.C001.PICI.TypeB.variant0001.Set1	6178	0.66	11	92.64
ESCO001.0321.00389.C001.PICI.TypeA.Set1	10470	0.49	11	94.6
MYTU002.0321.00204.C001.PICI.TypeB.variant0003.Set1	7023	0.67	11	94.56
ESCO001.0321.00389.C001.PICI.TypeA.Set2	9556	0.49	11	91.24
ESCO001.0321.00791.C001.PICI.TypeA.Set1	9478	0.46	11	95.26
ESCO001.0321.01498.C001.PICI.TypeA.Set1	11212	0.5	11	95.57
MYTU002.0321.00054.C001.PICI.TypeB.variant0003.Set1	7023	0.67	11	94.56
STHA002.0321.00010.C001.PICI.TypeB.variant0002.Set1	10221	0.31	11	92.13
ESCO001.0321.01027.C001.PICI.TypeA.Set1	9057	0.47	11	94.19
MYTU002.0321.00052.C001.PICI.TypeB.variant0003.Set1	7023	0.67	11	94.56
ESCO001.0321.01444.C001.PICI.TypeA.Set1	8935	0.49	11	93.7
VASP012.0321.00001.C001.PICI.TypeB.variant0003.Set1	9295	0.63	11	97.35
STAU002.0321.00176.C001.PICI.TypeB.variant0002.Set1	10716	0.32	11	92.65
STAU002.0321.00249.C001.PICI.TypeB.variant0002.Set1	12140	0.31	11	94.47
TUIM001.0321.00001.C001.PICI.TypeB.variant0002.Set1	13381	0.57	11	95.24
MYTU002.0321.00248.C001.PICI.TypeB.variant0004.Set2	7862	0.66	11	95.38
STSA003.0321.00015.C001.PICI.TypeB.variant0002.Set1	10884	0.31	11	88.86
MYTU002.0321.00100.C001.PICI.TypeB.variant0003.Set1	7023	0.67	11	94.13
EPMO001.0321.00002.P002.PICI.TypeB.variant0002.Set1	13431	0.54	11	91.45
STAU002.0321.00499.C001.PICI.TypeB.variant0002.Set1	10210	0.31	11	92.16
ESCO001.0321.00364.C001.PICI.TypeB.variant0001.Set1	8158	0.5	11	92.01
MYTU002.0321.00157.C001.PICI.TypeB.variant0003.Set1	7023	0.67	11	94.56
ESCO001.0321.00231.C001.PICI.TypeA.Set3	9205	0.48	11	97.51
MYTU002.0321.00125.C001.PICI.TypeB.variant0003.Set1	7023	0.67	11	97.39
ESCO001.0321.01361.C001.PICI.TypeA.Set2	9899	0.5	11	90.49
ESCO001.0321.00383.C001.PICI.TypeA.Set3	8256	0.49	11	94.54
ESCO001.0321.01172.C001.PICI.TypeA.Set1	9085	0.48	11	93.84
STAU002.0321.00549.C001.PICI.TypeB.variant0002.Set2	10525	0.31	11	91.84
MYPO001.0321.00001.C001.PICI.TypeB.variant0001.Set2	7190	0.66	11	96.36
STAU002.0321.00297.C001.PICI.TypeB.variant0002.Set1	10618	0.32	11	92.73
MYSH002.0321.00001.C001.PICI.TypeB.variant0001.Set1	9771	0.66	11	96.77
CLPO001.0321.00001.C001.PICI.TypeB.variant0002.Set1	9893	0.52	11	91.95
ESCO001.0321.01305.C001.PICI.TypeA.Set1	8452	0.48	11	92.82
MYTU002.0321.00137.C001.PICI.TypeB.variant0003.Set1	7023	0.67	11	94.56
STAU002.0321.00582.C001.PICI.TypeB.variant0002.Set1	10573	0.32	11	91.89
SAEN001.0321.00096.C001.PICI.TypeB.variant0002.Set1	8671	0.49	11	94.08
STEP001.0321.00009.C001.PICI.TypeB.variant0002.Set1	9364	0.31	11	91.99
STAU002.0321.00422.C001.PICI.TypeB.variant0002.Set1	12140	0.31	11	94.47
STAU002.0321.00531.C001.PICI.TypeB.variant0002.Set3	10082	0.31	11	93.12
MYFO001.0321.00001.C001.PICI.TypeB.variant0001.Set2	9743	0.55	11	95.85
ESCO001.0321.00553.C001.PICI.TypeA.Set1	9062	0.47	11	91.55
STAU002.0321.00143.C001.PICI.TypeB.variant0002.Set2	10793	0.32	11	92.31
MYTU002.0321.00103.C001.PICI.TypeB.variant0004.Set1	7862	0.66	11	95.38
ESCO001.0321.00564.C001.PICI.TypeA.Set1	9898	0.5	11	91.86
STAU002.0321.00387.C001.PICI.TypeB.variant0002.Set1	10623	0.31	11	92.54
ESCO001.0321.00069.C001.PICI.TypeB.variant0001.Set2	8919	0.5	11	92.76
ESCO001.0321.01272.C001.PICI.TypeA.Set2	9887	0.5	11	92.37
STCO003.0321.00001.C001.PICI.TypeB.variant0002.Set1	11115	0.31	11	91.27
PAYO001.0321.00001.C001.PICI.TypeB.variant0001.Set1	16020	0.39	11	94.94
MYTU002.0321.00129.C001.PICI.TypeB.variant0003.Set2	7023	0.67	11	94.56
AZPU001.0321.00001.C001.PICI.TypeB.variant0001.Set1	6600	0.62	11	96.26
MYTU002.0321.00195.C001.PICI.TypeB.variant0003.Set1	7023	0.67	11	94.56
ESCO001.0321.01139.C001.PICI.TypeB.variant0001.Set1	8507	0.49	11	94.02
MYTU002.0321.00221.C001.PICI.TypeB.variant0003.Set1	7023	0.67	11	94.56
ESCO001.0321.00319.C001.PICI.TypeA.Set2	7890	0.49	11	92.42
STLU004.0321.00004.C001.PICI.TypeB.variant0002.Set1	10319	0.31	11	94.92
ESCO001.0321.00943.C001.PICI.TypeA.Set2	9299	0.48	11	95.7
STAU002.0321.00376.C001.PICI.TypeB.variant0002.Set1	10793	0.32	11	92.31
MYTU002.0321.00085.C001.PICI.TypeB.variant0004.Set2	7862	0.66	11	95.38
ESCO001.0321.01436.C001.PICI.TypeA.Set2	8190	0.49	11	92.37
MYVA001.0321.00001.C001.PICI.TypeB.variant0001.Set1	6818	0.67	11	89.81
MYTU002.0321.00009.C001.PICI.TypeB.variant0003.Set1	7023	0.67	11	94.56
MYTU002.0321.00201.C001.PICI.TypeB.variant0003.Set1	7023	0.67	11	94.56
MYTU002.0321.00180.C001.PICI.TypeB.variant0003.Set1	7023	0.67	11	97.39
STAU002.0321.00409.C001.PICI.TypeB.variant0002.Set1	10168	0.31	11	93.41
ESCO001.0321.00366.C001.PICI.TypeA.Set1	8259	0.49	11	94.56
MYTU002.0321.00223.C001.PICI.TypeB.variant0003.Set1	7021	0.67	11	95.6
STAU002.0321.00579.C001.PICI.TypeB.variant0002.Set1	10499	0.32	11	93.55
ESCO001.0321.00388.C001.PICI.TypeA.Set4	8258	0.49	11	91.44
STAU002.0321.00534.C001.PICI.TypeB.variant0002.Set1	12679	0.32	11	91.73
ESCO001.0321.01219.C001.PICI.TypeA.Set1	9205	0.48	11	97.25
MYTU002.0321.00183.C001.PICI.TypeB.variant0003.Set1	7023	0.67	11	97.39
RHSP005.0321.00001.C001.PICI.TypeB.variant0001.Set1	6887	0.61	11	91.1
MYTU002.0321.00070.C001.PICI.TypeB.variant0004.Set1	7862	0.66	11	95.38
MYTU002.0321.00165.C001.PICI.TypeB.variant0004.Set1	7862	0.66	11	95.38
LADE001.0321.00007.C001.PICI.TypeB.variant0002.Set1	12250	0.48	11	95.31
ESCO001.0321.00191.C001.PICI.TypeA.Set2	9900	0.5	11	92.45
MYTU002.0321.00120.C001.PICI.TypeB.variant0003.Set2	7023	0.67	11	94.56
STAU002.0321.00452.C001.PICI.TypeB.variant0002.Set2	10297	0.32	11	93.38
MYTU002.0321.00077.C001.PICI.TypeB.variant0003.Set2	7023	0.67	11	94.56
ESCO001.0321.01306.C001.PICI.TypeA.Set2	9887	0.5	11	92.37
STSP126.0321.00001.C001.PICI.TypeB.variant0002.Set1	10630	0.31	11	92.5
MYTU002.0321.00231.C001.PICI.TypeB.variant0003.Set2	7023	0.67	11	94.56
ESCO001.0321.00092.C001.PICI.TypeA.Set2	9899	0.5	11	92.38
SEMA003.0321.00012.C001.PICI.TypeB.variant0001.Set1	9316	0.47	11	94.83
PSSY002.0321.00013.C001.PICI.TypeB.variant0001.Set1	5071	0.59	11	100.14
DEAC006.0321.00003.C001.PICI.TypeB.variant0001.Set1	7248	0.63	11	95.16
POSP004.0321.00001.C001.PICI.TypeB.variant0001.Set1	5597	0.64	11	95.85
ESCO001.0321.00095.C001.PICI.TypeA.Set1	9899	0.5	11	92.38
NIJA001.0321.00001.C001.PICI.TypeB.variant0002.Set1	11050	0.53	11	95.93
ESCO001.0321.00642.C001.PICI.TypeA.Set2	10027	0.49	11	90.89
MYTU002.0321.00203.C001.PICI.TypeB.variant0004.Set1	7862	0.66	11	95.38
MYTU002.0321.00034.C001.PICI.TypeB.variant0003.Set1	7023	0.67	11	94.13
MYTU002.0321.00133.C001.PICI.TypeB.variant0004.Set2	7862	0.66	11	98.32
MYLI002.0321.00002.C001.PICI.TypeB.variant0001.Set1	10036	0.64	11	98.85
STAU002.0321.00096.C001.PICI.TypeB.variant0002.Set1	12676	0.32	11	92.36
MYTU002.0321.00114.C001.PICI.TypeB.variant0003.Set2	7023	0.67	11	94.56
MYTU002.0321.00039.C001.PICI.TypeB.variant0003.Set1	7023	0.67	11	94.56
MYTU002.0321.00172.C001.PICI.TypeB.variant0003.Set1	7023	0.67	11	94.56
MYTU002.0321.00010.C001.PICI.TypeB.variant0004.Set2	7862	0.66	11	95.38
ESCO001.0321.01271.C001.PICI.TypeA.Set3	8407	0.46	11	94.97
ESCO001.0321.00677.C001.PICI.TypeA.Set2	9899	0.5	11	92.38
LADE001.0321.00008.C001.PICI.TypeB.variant0002.Set1	12245	0.47	11	93.31
ESCO001.0321.01443.C001.PICI.TypeA.Set2	9769	0.5	11	94.28
MYTU002.0321.00065.C001.PICI.TypeB.variant0003.Set1	7023	0.67	11	94.56
STAU002.0321.00216.C001.PICI.TypeB.variant0002.Set1	12679	0.32	11	91.73
STEP001.0321.00031.C001.PICI.TypeB.variant0002.Set1	9999	0.32	11	91.69
MYTU002.0321.00110.C001.PICI.TypeB.variant0003.Set2	7023	0.67	11	94.56
ESCO001.0321.00575.C001.PICI.TypeA.Set2	9887	0.5	11	90.48
ESCO001.0321.00452.C001.PICI.TypeA.Set2	9088	0.48	11	97.78
ESCO001.0321.00659.C001.PICI.TypeA.Set2	9899	0.5	11	90.49
MYTU002.0321.00259.C001.PICI.TypeB.variant0003.Set1	7023	0.67	11	97.39
MYTU002.0321.00264.C001.PICI.TypeB.variant0004.Set2	7862	0.66	11	98.32
MYTU002.0321.00073.C001.PICI.TypeB.variant0004.Set2	7862	0.66	11	95.38
TRAZ001.0321.00001.C001.PICI.TypeB.variant0001.Set2	14115	0.47	11	94.43
ACSP027.0321.00001.C001.PICI.TypeB.variant0001.Set1	18661	0.58	11	96.67
STAU002.0321.00366.C001.PICI.TypeB.variant0002.Set1	12676	0.32	11	92.36
BIAN002.0321.00013.C001.PICI.TypeB.variant0001.Set1	7779	0.59	11	96.23
STCO001.0321.00001.C001.PICI.TypeB.variant0001.Set2	7135	0.68	11	91.31
MYTU002.0321.00202.C001.PICI.TypeB.variant0004.Set1	7861	0.66	11	94.53
MYTU002.0321.00094.C001.PICI.TypeB.variant0004.Set2	7862	0.66	11	95.38
ESCO001.0321.00656.C001.PICI.TypeA.Set1	9899	0.5	11	90.49
MYCO005.0321.00001.C001.PICI.TypeB.variant0001.Set2	5625	0.67	11	95.96
STAU002.0321.00500.C001.PICI.TypeB.variant0002.Set2	10097	0.31	11	92.16
STAU002.0321.00226.C001.PICI.TypeB.variant0002.Set2	10702	0.32	11	92.67
ESCO001.0321.01496.C001.PICI.TypeB.variant0001.Set2	9689	0.5	11	97.54
STAU002.0321.00409.C001.PICI.TypeB.variant0002.Set2	10276	0.32	11	92.61
STAU002.0321.00576.C001.PICI.TypeB.variant0002.Set1	12675	0.32	11	92.37
STAU002.0321.00530.C001.PICI.TypeB.variant0002.Set2	10862	0.32	11	92.92
STSA004.0321.00003.C001.PICI.TypeB.variant0002.Set1	10730	0.31	11	93.7
ESCO001.0321.00615.C001.PICI.TypeB.variant0002.Set1	9603	0.48	11	95.03
MYTU002.0321.00270.C001.PICI.TypeB.variant0003.Set1	7023	0.67	11	94.56
MYTU002.0321.00191.C001.PICI.TypeB.variant0004.Set2	7862	0.66	11	98.32
STAU002.0321.00328.C001.PICI.TypeB.variant0002.Set1	12676	0.32	11	92.36
ESCO001.0321.01488.C001.PICI.TypeA.Set5	7932	0.46	11	93.42
MYTU002.0321.00052.C001.PICI.TypeB.variant0004.Set2	7862	0.66	11	95.38
STAU002.0321.00299.C001.PICI.TypeB.variant0002.Set1	10369	0.32	11	95.53
ESCO001.0321.01499.C001.PICI.TypeA.Set1	9899	0.5	11	94.12
STAU002.0321.00082.C001.PICI.TypeB.variant0002.Set1	10337	0.32	11	91.64
ESCO001.0321.01373.C001.PICI.TypeA.Set1	9899	0.5	11	90.49
ESCO001.0321.00573.C001.PICI.TypeA.Set1	9887	0.5	11	90.48
STAU002.0321.00083.C001.PICI.TypeB.variant0002.Set2	10150	0.32	11	92.42
RHER001.0321.00003.C001.PICI.TypeB.variant0001.Set2	8426	0.6	11	96.82
ESCO001.0321.00604.C001.PICI.TypeA.Set1	9062	0.47	11	91.55
STEP001.0321.00021.C001.PICI.TypeB.variant0002.Set2	12490	0.31	11	90.37
MYTU002.0321.00211.C001.PICI.TypeB.variant0003.Set1	7023	0.67	11	94.56
ESCO001.0321.00436.C001.PICI.TypeA.Set1	8936	0.49	11	94.87
ESCO001.0321.01276.C001.PICI.TypeA.Set1	9899	0.5	11	90.49
STWA001.0321.00001.C001.PICI.TypeB.variant0002.Set1	10725	0.31	11	93.27
ESCO001.0321.01395.C001.PICI.TypeA.Set1	10151	0.5	11	93.73
RHSP010.0321.00001.C001.PICI.TypeB.variant0001.Set2	8078	0.66	11	95.62
MYGI001.0321.00002.C001.PICI.TypeB.variant0001.Set2	8110	0.65	11	97.82
COST002.0321.00003.C001.PICI.TypeB.variant0001.Set1	9944	0.53	11	96.09
ESCO001.0321.00513.C001.PICI.TypeA.Set2	8190	0.49	11	92.37
STLU004.0321.00014.C001.PICI.TypeB.variant0002.Set1	10319	0.31	11	94.92
SHBO001.0321.00008.C001.PICI.TypeB.variant0001.Set2	8534	0.5	11	93.37
ESCO001.0321.00192.C001.PICI.TypeA.Set2	9900	0.5	11	92.45
BIAN002.0321.00012.C001.PICI.TypeB.variant0001.Set1	7779	0.59	11	96.23
ESCO001.0321.01356.C001.PICI.TypeA.Set2	9899	0.5	11	90.49
STAU002.0321.00299.C001.PICI.TypeB.variant0002.Set2	12111	0.32	11	91.88
MYTU002.0321.00208.C001.PICI.TypeB.variant0003.Set1	7023	0.67	11	94.56
STAU002.0321.00435.C001.PICI.TypeB.variant0002.Set3	10608	0.31	11	92.36
MYTU002.0321.00001.C001.PICI.TypeB.variant0004.Set1	7862	0.66	11	97.77
MYTU002.0321.00070.C001.PICI.TypeB.variant0003.Set2	7023	0.67	11	94.56
STAU002.0321.00227.C001.PICI.TypeB.variant0002.Set2	10702	0.32	11	92.67
ANCE001.0321.00001.C001.PICI.TypeB.variant0002.Set2	7537	0.35	11	91.22
STAU002.0321.00510.C001.PICI.TypeB.variant0002.Set2	10369	0.32	11	95.53
STSP130.0321.00001.C001.PICI.TypeB.variant0002.Set1	10469	0.31	11	91.89
MYTU002.0321.00033.C001.PICI.TypeB.variant0003.Set1	7023	0.67	11	94.56
STAU002.0321.00303.C001.PICI.TypeB.variant0002.Set2	11935	0.31	11	95.32
MYTU002.0321.00220.C001.PICI.TypeB.variant0004.Set2	7861	0.66	11	94.61
ESCO001.0321.01335.C001.PICI.TypeA.Set2	9887	0.5	11	90.48
STAU002.0321.00503.C001.PICI.TypeB.variant0002.Set1	9741	0.31	11	92.7
ESCO001.0321.01476.C001.PICI.TypeA.Set2	9899	0.5	11	94.12
STAU002.0321.00423.C001.PICI.TypeB.variant0002.Set1	12140	0.31	11	94.47
MYTU002.0321.00106.C001.PICI.TypeB.variant0003.Set2	7023	0.67	11	94.56
MYTU002.0321.00144.C001.PICI.TypeB.variant0003.Set1	7023	0.67	11	94.56
MYTU002.0321.00107.C001.PICI.TypeB.variant0004.Set1	7862	0.66	11	95.38
STAU002.0321.00333.C001.PICI.TypeB.variant0002.Set1	12674	0.32	11	92.19
ESCO001.0321.01310.C001.PICI.TypeA.Set1	9899	0.5	11	92.38
STAU002.0321.00496.C001.PICI.TypeB.variant0002.Set1	10578	0.32	11	93.08
STAU002.0321.00321.C001.PICI.TypeB.variant0002.Set3	9979	0.31	11	93.15
MYTU002.0321.00062.C001.PICI.TypeB.variant0003.Set2	7023	0.67	11	94.56
STCO005.0321.00002.C001.PICI.TypeB.variant0002.Set1	12144	0.32	11	84.72
ESCO001.0321.01358.C001.PICI.TypeA.Set2	9899	0.5	11	90.49
ESCO001.0321.01001.C001.PICI.TypeA.Set1	10151	0.5	11	93.65
STCA006.0321.00002.C001.PICI.TypeB.variant0002.Set1	10701	0.32	11	90.96
ESCO001.0321.01381.C001.PICI.TypeA.Set2	9899	0.5	11	92.38
ESCO001.0321.00918.C001.PICI.TypeA.Set1	9062	0.47	11	91.3
COJE001.0321.00001.C001.PICI.TypeB.variant0001.Set2	7923	0.57	11	95.78
STAU002.0321.00539.C001.PICI.TypeB.variant0002.Set1	10861	0.32	11	92.4
ESCO001.0321.01364.C001.PICI.TypeA.Set3	9899	0.5	11	90.49
BUTH001.0321.00008.C001.PICI.TypeB.variant0002.Set2	7277	0.61	11	93.53
MYTU002.0321.00169.C001.PICI.TypeB.variant0003.Set1	7023	0.67	11	94.56
MYTU002.0321.00181.C001.PICI.TypeB.variant0003.Set1	7023	0.67	11	97.39
MYTU002.0321.00088.C001.PICI.TypeB.variant0003.Set1	7023	0.67	11	94.56
MYTU002.0321.00202.C001.PICI.TypeB.variant0003.Set2	7021	0.67	11	94.36
ESCO001.0321.01294.C001.PICI.TypeA.Set2	9887	0.5	11	92.37
ESCO001.0321.01042.C001.PICI.TypeA.Set1	9052	0.47	11	92.34
STAU002.0321.00514.C001.PICI.TypeB.variant0002.Set1	10047	0.31	11	92.63
ESCO001.0321.00523.C001.PICI.TypeA.Set1	9899	0.5	11	90.49
BIAN002.0321.00014.C001.PICI.TypeB.variant0001.Set1	7779	0.59	11	96.23
STAU002.0321.00144.C001.PICI.TypeB.variant0002.Set1	10873	0.32	11	93.27
STAU002.0321.00143.C001.PICI.TypeB.variant0002.Set3	10861	0.32	11	93.21
ESCO001.0321.00584.C001.PICI.TypeA.Set2	9887	0.5	11	90.48
MYTU002.0321.00198.C001.PICI.TypeB.variant0003.Set2	7023	0.67	11	94.56
MYTU002.0321.00050.C001.PICI.TypeB.variant0003.Set2	7023	0.67	11	94.56
COUL001.0321.00009.C001.PICI.TypeB.variant0001.Set1	7366	0.52	11	95.34
ESCO001.0321.00592.C001.PICI.TypeA.Set2	9887	0.5	11	90.48
MYTU002.0321.00176.C001.PICI.TypeB.variant0003.Set1	7023	0.67	11	94.56
ESCO001.0321.01457.C001.PICI.TypeA.Set1	9230	0.49	11	90.95
ESCO001.0321.01269.C001.PICI.TypeA.Set3	9887	0.5	11	92.37
MYTU002.0321.00118.C001.PICI.TypeB.variant0004.Set2	7862	0.66	11	95.38
LAHE001.0321.00001.C001.PICI.TypeB.variant0002.Set1	14509	0.33	11	94.7
MYTU002.0321.00028.C001.PICI.TypeB.variant0003.Set2	7023	0.67	11	94.56
STAU002.0321.00036.C001.PICI.TypeB.variant0002.Set1	10150	0.32	11	92.42
STAU002.0321.00221.C001.PICI.TypeB.variant0002.Set1	12679	0.32	11	92.12
ESCO001.0321.00670.C001.PICI.TypeA.Set1	9887	0.5	11	92.37
MYTU002.0321.00178.C001.PICI.TypeB.variant0003.Set1	7022	0.67	11	94.15
SHBO001.0321.00010.C001.PICI.TypeB.variant0001.Set2	8220	0.5	11	90.88
MYTU002.0321.00098.C001.PICI.TypeB.variant0003.Set1	7023	0.67	11	94.56
STEP001.0321.00004.C001.PICI.TypeB.variant0002.Set1	9364	0.31	11	91.4
ESCO001.0321.01504.C001.PICI.TypeA.Set3	8193	0.49	11	92.62
MYTU002.0321.00071.C001.PICI.TypeB.variant0004.Set2	7862	0.66	11	95.38
ESCO001.0321.00525.C001.PICI.TypeA.Set1	9899	0.5	11	90.49
BUSP007.0321.00001.C001.PICI.TypeB.variant0001.Set2	18800	0.63	11	95.59
ESCO001.0321.00938.C001.PICI.TypeA.Set1	9679	0.49	11	95.74
ESCO001.0321.01341.C001.PICI.TypeA.Set1	9900	0.5	11	92.45
STAU002.0321.00506.C001.PICI.TypeB.variant0002.Set2	10525	0.31	11	91.84
STAU002.0321.00362.C001.PICI.TypeB.variant0002.Set1	10862	0.32	11	92.92
STAU002.0321.00062.C001.PICI.TypeB.variant0002.Set2	11956	0.31	11	94.96
MYTU002.0321.00111.C001.PICI.TypeB.variant0003.Set1	7023	0.67	11	94.56
MYTU002.0321.00060.C001.PICI.TypeB.variant0003.Set1	7023	0.67	11	94.56
ESCO001.0321.00979.C001.PICI.TypeB.variant0001.Set1	8506	0.5	11	95.4
MYTU002.0321.00277.C001.PICI.TypeB.variant0004.Set1	7862	0.66	11	95.38
STAU002.0321.00093.C001.PICI.TypeB.variant0002.Set1	10337	0.32	11	91.96
MYTU002.0321.00057.C001.PICI.TypeB.variant0003.Set2	7023	0.67	11	94.56
MYTU002.0321.00149.C001.PICI.TypeB.variant0004.Set1	7862	0.66	11	95.38
ESCO001.0321.01388.C001.PICI.TypeB.variant0001.Set2	8452	0.49	11	94.45
STAU002.0321.00224.C001.PICI.TypeB.variant0002.Set4	12111	0.32	11	91.88
STAU002.0321.00436.C001.PICI.TypeB.variant0002.Set3	10433	0.32	11	93.3
MYTU002.0321.00107.C001.PICI.TypeB.variant0003.Set2	7023	0.67	11	94.56
ESCO001.0321.00659.C001.PICI.TypeA.Set3	8471	0.47	11	92.85
BACE001.0321.00004.C001.PICI.TypeB.variant0003.Set2	13447	0.33	11	91.78
MYTU002.0321.00116.C001.PICI.TypeB.variant0004.Set1	7862	0.66	11	95.38
ESCO001.0321.00585.C001.PICI.TypeA.Set2	9887	0.5	11	90.48
STAU002.0321.00530.C001.PICI.TypeB.variant0002.Set3	10082	0.31	11	93.12
STAU002.0321.00372.C001.PICI.TypeB.variant0002.Set2	10792	0.32	11	91.35
STAU002.0321.00287.C001.PICI.TypeB.variant0002.Set2	12111	0.32	11	91.88
STAU002.0321.00207.C001.PICI.TypeB.variant0002.Set2	10862	0.32	11	92.92
ESCO001.0321.00591.C001.PICI.TypeA.Set2	9887	0.5	11	90.48
MYTU002.0321.00213.C001.PICI.TypeB.variant0003.Set1	7023	0.67	11	94.56
MYTU002.0321.00104.C001.PICI.TypeB.variant0003.Set2	7023	0.67	11	94.56
SHDY001.0321.00002.C001.PICI.TypeB.variant0001.Set1	8217	0.5	11	98.98
MYTU002.0321.00247.C001.PICI.TypeB.variant0003.Set1	8758	0.67	11	93.17
ESCO001.0321.01366.C001.PICI.TypeA.Set3	8408	0.46	11	96.69
STLU004.0321.00013.C001.PICI.TypeB.variant0002.Set2	10320	0.31	11	95.78
ESCO001.0321.01269.C001.PICI.TypeA.Set4	8408	0.46	11	96.56
STAU002.0321.00561.C001.PICI.TypeB.variant0002.Set3	10579	0.31	11	93.19
MYTU002.0321.00113.C001.PICI.TypeB.variant0003.Set2	7031	0.67	11	94.62
ESCO001.0321.01482.C001.PICI.TypeA.Set2	9899	0.5	11	92.38
STAU002.0321.00330.C001.PICI.TypeB.variant0002.Set3	10337	0.32	11	91.64
STAU002.0321.00339.C001.PICI.TypeB.variant0002.Set1	10218	0.31	11	91.85
STAU002.0321.00293.C001.PICI.TypeB.variant0002.Set1	10150	0.32	11	92.42
ESCO001.0321.00370.C001.PICI.TypeB.variant0001.Set1	8715	0.5	11	94.34
ESCO001.0321.00673.C001.PICI.TypeA.Set3	9896	0.5	11	92.38
CLBO002.0321.00041.C001.PICI.TypeB.variant0001.Set1	6752	0.28	11	93.28
MYTU002.0321.00025.C001.PICI.TypeB.variant0003.Set1	7023	0.67	11	94.56
STAU002.0321.00511.C001.PICI.TypeB.variant0002.Set1	10525	0.31	11	91.67
BIAN002.0321.00018.C001.PICI.TypeB.variant0001.Set1	7779	0.59	11	96.23
STAU002.0321.00581.C001.PICI.TypeB.variant0002.Set1	10217	0.31	11	91.94
ESCO001.0321.01436.C001.PICI.TypeA.Set4	9786	0.5	11	93.8
ESCO001.0321.01348.C001.PICI.TypeA.Set2	18756	0.5	11	91.52
STLU004.0321.00019.C001.PICI.TypeB.variant0002.Set2	9513	0.32	11	92.11
STHO001.0321.00001.C001.PICI.TypeB.variant0002.Set2	11276	0.29	11	92.23
MYTU002.0321.00024.C001.PICI.TypeB.variant0003.Set1	7023	0.67	11	94.56
ESCO001.0321.00058.C001.PICI.TypeA.Set1	9901	0.5	11	92.45
ESCO001.0321.00394.C001.PICI.TypeA.Set2	8936	0.49	11	94.87
MYTU002.0321.00176.C001.PICI.TypeB.variant0004.Set2	7862	0.66	11	98.32
MYTU002.0321.00206.C001.PICI.TypeB.variant0003.Set1	7023	0.67	11	94.56
STAU002.0321.00535.C001.PICI.TypeB.variant0002.Set1	10150	0.32	11	92.42
STWA001.0321.00007.C001.PICI.TypeB.variant0002.Set1	10029	0.32	11	94.04
MYTU002.0321.00051.C001.PICI.TypeB.variant0003.Set2	7023	0.67	11	94.56
LALA002.0321.00013.C001.PICI.TypeB.variant0002.Set1	11741	0.37	11	91.24
STAU002.0321.00400.C001.PICI.TypeB.variant0002.Set1	10726	0.32	11	94.2
MYTU002.0321.00041.C001.PICI.TypeB.variant0004.Set2	7862	0.66	11	95.38
MYTU002.0321.00174.C001.PICI.TypeB.variant0003.Set1	7023	0.67	11	94.56
ESCO001.0321.01323.C001.PICI.TypeA.Set2	9899	0.5	11	90.49
ESCO001.0321.00386.C001.PICI.TypeA.Set1	10217	0.49	11	94.52
MYTU002.0321.00189.C001.PICI.TypeB.variant0003.Set1	7022	0.67	11	94.86
ALSP012.0321.00001.C001.PICI.TypeB.variant0001.Set1	9231	0.57	11	90.43
MYIN001.0321.00024.C001.PICI.TypeA.Set1	7431	0.65	11	92.21
STAU002.0321.00197.C001.PICI.TypeB.variant0002.Set1	12676	0.32	11	92.36
ESCO001.0321.00075.C001.PICI.TypeA.Set3	8261	0.49	11	93.52
ESCO001.0321.01073.C001.PICI.TypeA.Set1	9236	0.47	11	97.07
ESCO001.0321.01295.C001.PICI.TypeA.Set1	9900	0.5	11	92.45
MYTU002.0321.00082.C001.PICI.TypeB.variant0004.Set1	7862	0.66	11	95.38
STAU002.0321.00535.C001.PICI.TypeB.variant0002.Set3	10334	0.32	11	91.72
STAU002.0321.00451.C001.PICI.TypeB.variant0002.Set2	10886	0.31	11	94.03
MYTU002.0321.00063.C001.PICI.TypeB.variant0003.Set2	7023	0.67	11	94.56
MYTU002.0321.00159.C001.PICI.TypeB.variant0004.Set1	7862	0.66	11	95.38
MYTU002.0321.00108.C001.PICI.TypeB.variant0004.Set2	7862	0.66	11	95.38
BIAN002.0321.00008.C001.PICI.TypeB.variant0001.Set1	7779	0.59	11	96.23
MYTU002.0321.00061.C001.PICI.TypeB.variant0004.Set1	7862	0.66	11	95.38
ESCO001.0321.00357.C001.PICI.TypeA.Set2	8188	0.49	11	93.7
STNO003.0321.00001.C001.PICI.TypeB.variant0001.Set1	8294	0.65	11	93.24
MYTU002.0321.00035.C001.PICI.TypeB.variant0003.Set1	7023	0.67	11	94.56
STAU002.0321.00213.C001.PICI.TypeB.variant0002.Set2	10783	0.32	11	92.23
STAU002.0321.00178.C001.PICI.TypeB.variant0002.Set1	10232	0.32	11	91.96
MYTU002.0321.00185.C001.PICI.TypeB.variant0004.Set2	7862	0.66	11	95.38
MYTU002.0321.00214.C001.PICI.TypeB.variant0003.Set1	7023	0.67	11	94.56
ESCO001.0321.00768.C001.PICI.TypeA.Set2	8928	0.49	11	94.13
MYTU002.0321.00045.C001.PICI.TypeB.variant0004.Set1	7862	0.66	11	95.38
STAU002.0321.00154.C001.PICI.TypeB.variant0002.Set1	12111	0.32	11	91.88
ESCO001.0321.01305.C001.PICI.TypeA.Set2	9899	0.5	11	90.49
STAU002.0321.00287.C001.PICI.TypeB.variant0002.Set3	10369	0.32	11	95.53
MYTU002.0321.00200.C001.PICI.TypeB.variant0003.Set1	7022	0.67	11	94.15
ESCO001.0321.00946.C001.PICI.TypeB.variant0001.Set1	8885	0.49	11	92.63
ESCO001.0321.01374.C001.PICI.TypeA.Set2	9899	0.5	11	92.38
ESCO001.0321.00793.C001.PICI.TypeA.Set1	10151	0.5	11	93.73
LACR001.0321.00003.C001.PICI.TypeB.variant0002.Set1	12243	0.36	11	89.56
ESCO001.0321.01376.C001.PICI.TypeA.Set2	9899	0.5	11	92.38
MYTU002.0321.00024.C001.PICI.TypeB.variant0004.Set2	7862	0.66	11	98.32
STEQ003.0321.00007.C001.PICI.TypeB.variant0002.Set1	9717	0.3	11	85.72
MYTU002.0321.00203.C001.PICI.TypeB.variant0003.Set2	7023	0.67	11	94.56
ACIN004.0321.00004.C001.PICI.TypeB.variant0003.Set1	8314	0.41	11	95.8
STAU002.0321.00357.C001.PICI.TypeB.variant0002.Set2	10756	0.32	11	94.51
ESCO001.0321.00096.C001.PICI.TypeA.Set2	9899	0.5	11	92.38
MYTU002.0321.00100.C001.PICI.TypeB.variant0004.Set2	7862	0.66	11	95.38
MYTU002.0321.00247.C001.PICI.TypeB.variant0004.Set2	7862	0.66	11	95.38
STAU002.0321.00380.C001.PICI.TypeB.variant0002.Set2	10793	0.32	11	92.31
ESCO001.0321.01006.C001.PICI.TypeA.Set1	8913	0.47	11	94.52
STAU002.0321.00196.C001.PICI.TypeB.variant0002.Set2	12111	0.32	11	91.88
MYTU002.0321.00196.C001.PICI.TypeB.variant0004.Set2	7862	0.66	11	98.32
ESCO001.0321.01357.C001.PICI.TypeA.Set2	9899	0.5	11	90.49
STAU002.0321.00293.C001.PICI.TypeB.variant0002.Set3	10337	0.32	11	91.64
STAU002.0321.00506.C001.PICI.TypeB.variant0002.Set3	12111	0.32	11	91.88
ESCO001.0321.00396.C001.PICI.TypeA.Set3	9769	0.5	11	94.28
STSA003.0321.00004.C001.PICI.TypeB.variant0002.Set1	10884	0.31	11	88.86
MYPA002.0321.00001.C001.PICI.TypeB.variant0001.Set3	7306	0.65	11	94.37
MYTU002.0321.00168.C001.PICI.TypeB.variant0003.Set1	7023	0.67	11	94.56
MYTU002.0321.00154.C001.PICI.TypeB.variant0003.Set1	7022	0.67	11	94.15
ESCO001.0321.01322.C001.PICI.TypeA.Set2	9887	0.5	11	92.37
ESCO001.0321.01274.C001.PICI.TypeA.Set1	9899	0.5	11	90.49
BACE001.0321.00045.C001.PICI.TypeB.variant0003.Set2	13447	0.33	11	91.78
STAU002.0321.00276.C001.PICI.TypeB.variant0002.Set1	10770	0.32	11	90.86
MYCO007.0321.00001.C001.PICI.TypeB.variant0001.Set3	5857	0.59	11	93.46
BIAN002.0321.00027.C001.PICI.TypeB.variant0001.Set1	7779	0.59	11	96.23
STAU002.0321.00139.C001.PICI.TypeB.variant0002.Set2	10751	0.31	11	89.26
MYTU002.0321.00151.C001.PICI.TypeB.variant0004.Set1	7862	0.66	11	95.38
MYTU002.0321.00132.C001.PICI.TypeB.variant0004.Set2	7862	0.66	11	95.38
STAU002.0321.00255.C001.PICI.TypeB.variant0002.Set1	9912	0.31	11	91.82
MYSP007.0321.00001.C001.PICI.TypeB.variant0001.Set2	10065	0.63	11	93.05
CHMI001.0321.00001.C001.PICI.TypeB.variant0002.Set2	9291	0.44	11	91.71
ESCO001.0321.00669.C001.PICI.TypeA.Set2	8470	0.46	11	95.24
STAU002.0321.00553.C001.PICI.TypeB.variant0002.Set1	11935	0.31	11	95.32
STAU002.0321.00131.C001.PICI.TypeB.variant0002.Set2	10859	0.32	11	93.68
ACIN001.0321.00001.C001.PICI.TypeB.variant0002.Set1	15791	0.48	11	94.66
MYTU002.0321.00019.C001.PICI.TypeB.variant0003.Set1	7023	0.67	11	94.56
ESCO001.0321.01366.C001.PICI.TypeA.Set4	9899	0.5	11	90.49
ESCO001.0321.01009.C001.PICI.TypeA.Set6	9300	0.49	11	95.66
MYTU002.0321.00074.C001.PICI.TypeB.variant0004.Set1	7862	0.66	11	95.38
ESCO001.0321.00051.C001.PICI.TypeA.Set1	9899	0.5	11	92.38
MYTU002.0321.00097.C001.PICI.TypeB.variant0004.Set2	7862	0.66	11	95.38
ESCO001.0321.01385.C001.PICI.TypeA.Set1	8934	0.49	11	93.91
STAU002.0321.00307.C001.PICI.TypeB.variant0002.Set1	10499	0.32	11	93.09
MYTU002.0321.00146.C001.PICI.TypeB.variant0003.Set1	7023	0.67	11	94.56
ESCO001.0321.00391.C001.PICI.TypeA.Set3	9778	0.5	11	94.0
STAU002.0321.00370.C001.PICI.TypeB.variant0002.Set3	10862	0.32	11	92.92
STAU002.0321.00033.C001.PICI.TypeB.variant0002.Set1	10337	0.32	11	91.96
BIAN002.0321.00011.C001.PICI.TypeB.variant0001.Set1	7779	0.59	11	98.24
STAU002.0321.00359.C001.PICI.TypeB.variant0002.Set3	10861	0.32	11	92.62
BIAN002.0321.00020.C001.PICI.TypeB.variant0001.Set1	7779	0.59	11	96.23
STAU002.0321.00204.C001.PICI.TypeB.variant0002.Set2	10082	0.31	11	93.12
MYTU002.0321.00124.C001.PICI.TypeB.variant0003.Set2	7023	0.67	11	94.56
MYTU002.0321.00209.C001.PICI.TypeB.variant0003.Set1	7021	0.67	11	95.6
ESCO001.0321.01362.C001.PICI.TypeA.Set3	9899	0.5	11	90.49
ESCO001.0321.01285.C001.PICI.TypeA.Set2	9899	0.5	11	92.38
JESP002.0321.00001.C001.PICI.TypeB.variant0002.Set2	6858	0.4	11	89.18
MYTU002.0321.00088.C001.PICI.TypeB.variant0004.Set2	7862	0.66	11	95.38
MYTU002.0321.00136.C001.PICI.TypeB.variant0004.Set2	7862	0.66	11	95.38
ESCO001.0321.01528.C001.PICI.TypeB.variant0003.Set1	9714	0.5	11	92.0
ESCO001.0321.01497.C001.PICI.TypeA.Set2	11212	0.5	11	96.44
ESCO001.0321.00590.C001.PICI.TypeA.Set2	9887	0.5	11	90.48
NIHA002.0321.00001.C001.PICI.TypeB.variant0002.Set1	19217	0.59	11	89.99
MYTU002.0321.00075.C001.PICI.TypeB.variant0004.Set2	7862	0.66	11	95.38
ESCO001.0321.01290.C001.PICI.TypeA.Set1	9909	0.5	11	89.38
MYTU002.0321.00173.C001.PICI.TypeB.variant0003.Set1	7023	0.67	11	94.56
STAU002.0321.00335.C001.PICI.TypeB.variant0002.Set3	10862	0.32	11	92.92
STAU002.0321.00205.C001.PICI.TypeB.variant0002.Set1	10082	0.31	11	93.12
STAU002.0321.00504.C001.PICI.TypeB.variant0002.Set2	12111	0.32	11	91.88
MYTU002.0321.00197.C001.PICI.TypeB.variant0004.Set2	7862	0.66	11	98.32
MYTU002.0321.00012.C001.PICI.TypeB.variant0003.Set2	7023	0.67	11	94.56
STAU002.0321.00214.C001.PICI.TypeB.variant0002.Set1	10700	0.31	11	93.14
ESCO001.0321.01380.C001.PICI.TypeA.Set2	9899	0.5	11	90.49
ESCO001.0321.00669.C001.PICI.TypeA.Set3	9887	0.5	11	92.37
MYTU002.0321.00101.C001.PICI.TypeB.variant0003.Set2	7023	0.67	11	94.56
STAU002.0321.00247.C001.PICI.TypeB.variant0002.Set1	10771	0.32	11	91.47
STCH004.0321.00001.C001.PICI.TypeB.variant0002.Set1	10383	0.32	11	93.64
STAU002.0321.00543.C001.PICI.TypeB.variant0002.Set3	10348	0.32	11	92.81
ESCO001.0321.00098.C001.PICI.TypeA.Set1	9899	0.5	11	92.38
MYCE001.0321.00001.C001.PICI.TypeB.variant0001.Set2	8973	0.64	11	87.85
STSA003.0321.00003.C001.PICI.TypeB.variant0002.Set1	9657	0.3	11	87.18
ESCO001.0321.00450.C001.PICI.TypeA.Set2	9780	0.5	11	93.94
MYTU002.0321.00098.C001.PICI.TypeB.variant0004.Set2	7862	0.66	11	95.38
ESCO001.0321.01586.C001.PICI.TypeA.Set2	9585	0.47	11	94.38
MYTU002.0321.00064.C001.PICI.TypeB.variant0004.Set2	7862	0.66	11	95.38
ESCO001.0321.00579.C001.PICI.TypeA.Set2	9887	0.5	11	90.48
STAU002.0321.00437.C001.PICI.TypeB.variant0002.Set1	10151	0.31	11	92.08
BRAU001.0321.00001.C001.PICI.TypeB.variant0001.Set4	8972	0.61	11	95.49
MYTU002.0321.00216.C001.PICI.TypeB.variant0003.Set1	7024	0.67	11	94.12
MYTU002.0321.00268.C001.PICI.TypeB.variant0003.Set1	7023	0.67	11	94.56
STAU002.0321.00560.C001.PICI.TypeB.variant0002.Set1	10149	0.31	11	92.9
ESCO001.0321.00406.C001.PICI.TypeA.Set4	9723	0.5	11	94.1
MYTU002.0321.00095.C001.PICI.TypeB.variant0003.Set2	7023	0.67	11	94.56
MYTU002.0321.00123.C001.PICI.TypeB.variant0003.Set2	7023	0.67	11	94.56
MYTU002.0321.00076.C001.PICI.TypeB.variant0003.Set2	8758	0.67	11	93.17
ESCO001.0321.00652.C001.PICI.TypeA.Set2	9896	0.5	11	90.49
STAU002.0321.00252.C001.PICI.TypeB.variant0002.Set3	10150	0.32	11	92.42
STAU002.0321.00441.C001.PICI.TypeB.variant0002.Set2	10471	0.31	11	92.66
ESCO001.0321.01280.C001.PICI.TypeA.Set1	9899	0.5	11	92.38
MYTU002.0321.00171.C001.PICI.TypeB.variant0003.Set1	7023	0.67	11	94.56
ESCO001.0321.00065.C001.PICI.TypeB.variant0001.Set2	8391	0.48	11	94.12
MYTU002.0321.00074.C001.PICI.TypeB.variant0003.Set2	7023	0.67	11	94.56
STAU002.0321.00493.C001.PICI.TypeB.variant0002.Set2	10755	0.32	11	94.02
STAU002.0321.00082.C001.PICI.TypeB.variant0002.Set2	10150	0.32	11	92.42
STAU002.0321.00508.C001.PICI.TypeB.variant0002.Set2	12111	0.32	11	91.88
MYTU002.0321.00045.C001.PICI.TypeB.variant0003.Set2	7023	0.67	11	94.56
ESCO001.0321.01527.C001.PICI.TypeA.Set1	9899	0.5	11	92.38
STAU002.0321.00277.C001.PICI.TypeB.variant0002.Set1	10687	0.32	11	91.4
STAU002.0321.00419.C001.PICI.TypeB.variant0002.Set1	12676	0.32	11	92.36
STSA003.0321.00009.C001.PICI.TypeB.variant0002.Set2	9893	0.3	11	88.57
MYTU002.0321.00207.C001.PICI.TypeB.variant0003.Set1	7023	0.67	11	94.56
STAU002.0321.00212.C001.PICI.TypeB.variant0002.Set2	10783	0.32	11	92.23
ESCO001.0321.00837.C001.PICI.TypeB.variant0003.Set1	9381	0.48	11	93.4
MYTU002.0321.00009.C001.PICI.TypeB.variant0004.Set2	7862	0.66	11	95.38
MYTU002.0321.00174.C001.PICI.TypeB.variant0004.Set2	7751	0.66	11	98.3
BIAN002.0321.00010.C001.PICI.TypeB.variant0001.Set1	7779	0.59	11	96.23
ESCO001.0321.01279.C001.PICI.TypeA.Set1	9899	0.5	11	90.49
MYTU002.0321.00137.C001.PICI.TypeB.variant0004.Set2	7861	0.66	11	94.53
MYSP019.0321.00001.C001.PICI.TypeB.variant0001.Set2	18500	0.64	11	96.26
STLU004.0321.00014.C001.PICI.TypeB.variant0002.Set2	9315	0.31	11	91.6
ESCO001.0321.01524.C001.PICI.TypeA.Set1	10151	0.5	11	93.73
ESCO001.0321.00156.C001.PICI.TypeB.variant0001.Set1	8507	0.49	11	93.98
STSA001.0321.00003.C001.PICI.TypeB.variant0002.Set1	18310	0.42	11	94.08
LACR001.0321.00005.C001.PICI.TypeB.variant0002.Set1	11741	0.37	11	91.24
MYTU002.0321.00246.C001.PICI.TypeB.variant0003.Set2	7023	0.67	11	94.56
ESCO001.0321.01521.C001.PICI.TypeA.Set1	9898	0.5	11	95.06
STAU002.0321.00492.C001.PICI.TypeB.variant0002.Set2	10499	0.31	11	92.41
ESCO001.0321.00737.C001.PICI.TypeA.Set1	9062	0.47	11	91.55
ESCO001.0321.01369.C001.PICI.TypeA.Set3	8407	0.46	11	94.97
STAU002.0321.00155.C001.PICI.TypeB.variant0002.Set1	10271	0.32	11	91.73
MYTU002.0321.00082.C001.PICI.TypeB.variant0003.Set2	7023	0.67	11	94.56
ESCO001.0321.00543.C001.PICI.TypeA.Set3	9598	0.5	11	93.32
PAAT001.0321.00001.C001.PICI.TypeB.variant0001.Set1	6180	0.64	11	92.67
STAU002.0321.00337.C001.PICI.TypeB.variant0002.Set1	10218	0.31	11	91.85
BIAN002.0321.00004.C001.PICI.TypeB.variant0001.Set1	7779	0.59	11	96.23
PACA004.0321.00004.C001.PICI.TypeB.variant0002.Set3	7067	0.62	11	96.46
ESCO001.0321.01495.C001.PICI.TypeA.Set3	9898	0.5	11	93.31
ESCO001.0321.00431.C001.PICI.TypeA.Set1	10310	0.49	11	93.93
STSP110.0321.00001.C001.PICI.TypeA.Set6	9469	0.7	11	95.17
ESCO001.0321.01506.C001.PICI.TypeA.Set1	8935	0.49	11	93.7
MYTU002.0321.00139.C001.PICI.TypeB.variant0003.Set1	7023	0.67	11	94.56
STAG002.0321.00002.C001.PICI.TypeB.variant0002.Set1	9962	0.32	11	92.05
ESCO001.0321.01096.C001.PICI.TypeA.Set1	10152	0.5	11	93.64
STLU004.0321.00016.C001.PICI.TypeB.variant0002.Set1	10320	0.31	11	95.58
MYTU002.0321.00093.C001.PICI.TypeB.variant0004.Set2	7862	0.66	11	95.38
MYTU002.0321.00195.C001.PICI.TypeB.variant0004.Set2	7862	0.66	11	98.32
STAU002.0321.00066.C001.PICI.TypeB.variant0002.Set1	12242	0.31	11	91.85
ESCO001.0321.01333.C001.PICI.TypeA.Set1	9899	0.5	11	92.38
ESCO001.0321.01394.C001.PICI.TypeA.Set1	17796	0.5	11	92.97
STAU002.0321.00159.C001.PICI.TypeB.variant0002.Set2	10225	0.32	11	93.82
STAU002.0321.00041.C001.PICI.TypeB.variant0002.Set2	10556	0.31	11	93.11
AMBU001.0321.00001.C001.PICI.TypeB.variant0002.Set1	6118	0.37	11	92.17
ESCO001.0321.00572.C001.PICI.TypeA.Set2	9887	0.5	11	90.48
MYTU002.0321.00040.C001.PICI.TypeB.variant0003.Set1	7023	0.67	11	94.56
STSP040.0321.00001.C001.PICI.TypeB.variant0002.Set2	10908	0.31	11	91.27
STAU002.0321.00139.C001.PICI.TypeB.variant0002.Set3	9970	0.31	11	93.22
MYTU002.0321.00061.C001.PICI.TypeB.variant0003.Set2	7023	0.67	11	94.56
MYTU002.0321.00089.C001.PICI.TypeB.variant0004.Set2	7862	0.66	11	95.38
STHO001.0321.00005.C001.PICI.TypeB.variant0002.Set1	12458	0.3	11	92.82
MASP013.0321.00001.C001.PICI.TypeB.variant0002.Set2	9464	0.31	11	91.37
ESCO001.0321.01037.C001.PICI.TypeA.Set1	9062	0.47	11	91.55
MYTU002.0321.00210.C001.PICI.TypeB.variant0003.Set1	7021	0.67	11	95.6
MYFA001.0321.00001.C001.PICI.TypeB.variant0001.Set2	8097	0.68	11	96.47
MYGA004.0321.00001.C001.PICI.TypeB.variant0001.Set4	8276	0.6	11	96.47
MYTU002.0321.00238.C001.PICI.TypeB.variant0003.Set2	7023	0.67	11	94.56
STAU002.0321.00146.C001.PICI.TypeB.variant0002.Set1	12676	0.32	11	92.36
MYTU002.0321.00116.C001.PICI.TypeB.variant0003.Set2	7026	0.67	11	94.56
MYTU002.0321.00119.C001.PICI.TypeB.variant0004.Set2	7862	0.66	11	95.38
STAU002.0321.00061.C001.PICI.TypeB.variant0002.Set2	11954	0.31	11	94.72
STAU002.0321.00218.C001.PICI.TypeB.variant0002.Set2	12678	0.32	11	91.54
ESCO001.0321.01281.C001.PICI.TypeA.Set1	7834	0.47	11	92.15
ESCO001.0321.00229.C001.PICI.TypeA.Set1	9231	0.49	11	92.2
STAU002.0321.00518.C001.PICI.TypeB.variant0002.Set1	11079	0.32	11	93.54
STWA001.0321.00003.C001.PICI.TypeB.variant0002.Set1	10722	0.31	11	93.21
ESCO001.0321.00373.C001.PICI.TypeA.Set1	8188	0.49	11	93.61
CHPH002.0321.00002.C001.PICI.TypeB.variant0002.Set1	7427	0.48	11	92.16
MYTU002.0321.00014.C001.PICI.TypeB.variant0004.Set1	7862	0.66	11	95.38
ESCO001.0321.00567.C001.PICI.TypeA.Set2	9887	0.5	11	90.48
MYTU002.0321.00099.C001.PICI.TypeB.variant0004.Set2	7862	0.66	11	95.38
ESCO001.0321.00094.C001.PICI.TypeA.Set4	9898	0.5	11	90.08
ESCO001.0321.01324.C001.PICI.TypeA.Set1	9900	0.5	11	92.45
MAOV001.0321.00001.C001.PICI.TypeB.variant0002.Set1	9818	0.41	11	88.32
ESCO001.0321.01193.C001.PICI.TypeB.variant0001.Set1	8507	0.49	11	93.98
MYTU002.0321.00002.C001.PICI.TypeB.variant0004.Set1	7862	0.66	11	95.38
STEP001.0321.00030.C001.PICI.TypeB.variant0002.Set1	11200	0.31	11	93.16
ESCO001.0321.00978.C001.PICI.TypeB.variant0001.Set1	8507	0.5	11	94.33
ESCO001.0321.00586.C001.PICI.TypeA.Set2	9887	0.5	11	90.48
PSSP115.0321.00001.C001.PICI.TypeB.variant0001.Set1	7875	0.59	11	98.27
BUDI001.0321.00001.C002.PICI.TypeB.variant0001.Set1	20732	0.6	11	94.92
BACE001.0321.00005.C001.PICI.TypeB.variant0003.Set2	13447	0.33	11	91.78
STAU002.0321.00331.C001.PICI.TypeB.variant0002.Set3	10337	0.32	11	91.64
MYTU002.0321.00277.C001.PICI.TypeB.variant0003.Set2	7023	0.67	11	94.56
ESCO001.0321.01404.C001.PICI.TypeA.Set1	8469	0.46	11	95.7
MYTU002.0321.00060.C001.PICI.TypeB.variant0004.Set2	7862	0.66	11	95.38
BIAN002.0321.00019.C001.PICI.TypeB.variant0001.Set1	7779	0.59	11	96.23
HUSA001.0321.00001.C001.PICI.TypeB.variant0001.Set1	6319	0.4	11	92.1
ESCO001.0321.01316.C001.PICI.TypeA.Set1	9898	0.5	11	91.86
STCA006.0321.00002.C001.PICI.TypeB.variant0002.Set2	12122	0.3	11	93.6
MYTU002.0321.00211.C001.PICI.TypeB.variant0004.Set2	7861	0.66	11	94.53
MYTU002.0321.00141.C001.PICI.TypeB.variant0004.Set2	7862	0.66	11	95.38
MYTU002.0321.00090.C001.PICI.TypeB.variant0003.Set2	7023	0.67	11	94.56
ESCO001.0321.01074.C001.PICI.TypeA.Set1	9060	0.47	11	94.59
ESCO001.0321.01494.C001.PICI.TypeA.Set3	11211	0.5	11	94.63
MYTU002.0321.00111.C001.PICI.TypeB.variant0004.Set2	7862	0.66	11	95.38
MYTU002.0321.00237.C001.PICI.TypeB.variant0003.Set2	7023	0.67	11	94.56
LALA002.0321.00015.C001.PICI.TypeB.variant0002.Set1	14608	0.35	11	87.33
BIAN002.0321.00028.C001.PICI.TypeB.variant0001.Set1	7779	0.59	11	96.23
STCA006.0321.00005.C001.PICI.TypeB.variant0002.Set1	10856	0.31	11	92.33
ESCO001.0321.01328.C001.PICI.TypeB.variant0001.Set1	8387	0.5	11	90.22
STAU002.0321.00525.C001.PICI.TypeB.variant0002.Set1	12242	0.31	11	91.85
STAU002.0321.00509.C001.PICI.TypeB.variant0002.Set2	12111	0.32	11	91.88
ESCO001.0321.01340.C001.PICI.TypeA.Set1	8460	0.47	11	95.15
ESCO001.0321.00531.C001.PICI.TypeA.Set1	10151	0.5	11	93.73
ESCO001.0321.01525.C001.PICI.TypeB.variant0003.Set1	9896	0.5	11	93.08
STAU002.0321.00267.C001.PICI.TypeB.variant0002.Set3	10793	0.32	11	92.31
ESCO001.0321.01060.C001.PICI.TypeA.Set1	10151	0.5	11	93.65
STAU002.0321.00214.C001.PICI.TypeB.variant0002.Set2	10082	0.31	11	92.73
MYTU002.0321.00023.C001.PICI.TypeB.variant0003.Set1	7023	0.67	11	94.56
ESCO001.0321.00940.C001.PICI.TypeA.Set3	9899	0.5	11	94.12
BUTH001.0321.00004.C001.PICI.TypeB.variant0002.Set2	7277	0.61	11	93.53
MYTU002.0321.00047.C001.PICI.TypeB.variant0004.Set2	7862	0.66	11	95.38
ESCO001.0321.01297.C001.PICI.TypeA.Set4	8017	0.47	11	95.05
ESCO001.0321.00966.C001.PICI.TypeA.Set2	9299	0.48	11	95.7
MYTU002.0321.00265.C001.PICI.TypeB.variant0003.Set1	7023	0.67	11	94.56
MYTU002.0321.00182.C001.PICI.TypeB.variant0003.Set1	7023	0.67	11	94.56
MYTU002.0321.00048.C001.PICI.TypeB.variant0003.Set2	7023	0.67	11	94.56
ESCO001.0321.00833.C001.PICI.TypeA.Set2	9056	0.47	11	94.2
MYTU002.0321.00067.C001.PICI.TypeB.variant0004.Set2	7862	0.66	11	95.38
MYTU002.0321.00184.C001.PICI.TypeB.variant0004.Set2	7862	0.66	11	95.38
ARCI001.0321.00001.C001.PICI.TypeB.variant0002.Set1	7604	0.35	11	95.7
MYTU002.0321.00177.C001.PICI.TypeB.variant0003.Set1	7023	0.67	11	94.56
MYTU002.0321.00256.C001.PICI.TypeB.variant0003.Set1	7023	0.67	11	94.56
STAU002.0321.00450.C001.PICI.TypeB.variant0002.Set4	10213	0.32	11	93.35
MYTU002.0321.00029.C001.PICI.TypeB.variant0003.Set1	7023	0.67	11	94.56
MYTU002.0321.00131.C001.PICI.TypeB.variant0003.Set1	7023	0.67	11	94.56
STSP128.0321.00001.C001.PICI.TypeB.variant0002.Set1	9741	0.31	11	92.7
STSA003.0321.00011.C001.PICI.TypeB.variant0002.Set1	9971	0.3	11	88.35
LACR001.0321.00009.C001.PICI.TypeB.variant0002.Set4	13247	0.37	11	90.56
MYTU002.0321.00164.C001.PICI.TypeB.variant0004.Set2	7862	0.66	11	98.32
STCA001.0321.00005.C001.PICI.TypeB.variant0002.Set1	10428	0.32	11	87.2
ESCO001.0321.00589.C001.PICI.TypeA.Set2	9887	0.5	11	90.48
MYTU002.0321.00158.C001.PICI.TypeB.variant0004.Set2	7862	0.66	11	95.38
STAU002.0321.00316.C001.PICI.TypeB.variant0002.Set2	10499	0.31	11	92.47
STAU002.0321.00536.C001.PICI.TypeB.variant0002.Set2	10337	0.32	11	91.96
ESCO001.0321.01002.C001.PICI.TypeB.variant0003.Set1	9632	0.48	11	97.46
STAU002.0321.00223.C001.PICI.TypeB.variant0002.Set2	10082	0.31	11	92.73
STAU002.0321.00180.C001.PICI.TypeB.variant0002.Set3	10144	0.32	11	91.01
MYTU002.0321.00027.C001.PICI.TypeB.variant0003.Set2	7023	0.67	11	94.56
ESCO001.0321.01509.C001.PICI.TypeA.Set2	9178	0.5	11	91.21
STAU002.0321.00524.C001.PICI.TypeB.variant0002.Set4	10793	0.32	11	92.31
MYTU002.0321.00230.C001.PICI.TypeB.variant0003.Set1	7023	0.67	11	94.56
ESCO001.0321.00361.C001.PICI.TypeA.Set4	8189	0.49	11	93.98
ESCO001.0321.00878.C001.PICI.TypeA.Set2	9779	0.5	11	93.27
MYTU002.0321.00278.C001.PICI.TypeB.variant0003.Set1	7023	0.67	11	94.56
ESCO001.0321.01007.C001.PICI.TypeA.Set1	9294	0.47	11	94.75
MYTU002.0321.00112.C001.PICI.TypeB.variant0004.Set2	7862	0.66	11	95.38
STAU002.0321.00572.C001.PICI.TypeB.variant0002.Set1	12675	0.32	11	92.37
ESCO001.0321.01340.C001.PICI.TypeA.Set2	9899	0.5	11	90.49
STAU002.0321.00329.C001.PICI.TypeB.variant0002.Set3	10150	0.32	11	92.42
STLU004.0321.00004.C001.PICI.TypeB.variant0002.Set2	9315	0.31	11	91.6
ESCO001.0321.01019.C001.PICI.TypeA.Set1	8968	0.47	11	92.98
MYTU002.0321.00218.C001.PICI.TypeB.variant0003.Set1	7023	0.67	11	94.56
BULA001.0321.00002.C001.PICI.TypeB.variant0002.Set1	7115	0.62	11	96.61
MYTU002.0321.00059.C001.PICI.TypeB.variant0004.Set2	7862	0.66	11	95.38
MYTU002.0321.00233.C001.PICI.TypeB.variant0004.Set2	7861	0.66	11	94.53
MYTU002.0321.00083.C001.PICI.TypeB.variant0004.Set1	7862	0.66	11	95.38
GOSP001.0321.00001.C001.PICI.TypeB.variant0001.Set1	9649	0.65	11	94.61
ESCO001.0321.00353.C001.PICI.TypeA.Set1	8935	0.49	11	93.7
LOBA001.0321.00003.P004.PICI.TypeB.variant0002.Set1	22694	0.4	11	90.72
MYTU002.0321.00103.C001.PICI.TypeB.variant0003.Set2	7023	0.67	11	94.56
STSA003.0321.00002.C001.PICI.TypeB.variant0002.Set1	9657	0.3	11	87.41
MYTU002.0321.00171.C001.PICI.TypeB.variant0004.Set2	7861	0.66	11	94.53
STAU002.0321.00511.C001.PICI.TypeB.variant0002.Set3	10368	0.32	11	95.0
MYTU002.0321.00096.C001.PICI.TypeB.variant0003.Set2	7023	0.67	11	94.56
STAU002.0321.00172.C001.PICI.TypeB.variant0002.Set3	12679	0.32	11	91.73
MYTU002.0321.00187.C001.PICI.TypeB.variant0003.Set1	7023	0.67	11	94.56
MYTU002.0321.00217.C001.PICI.TypeB.variant0004.Set1	7862	0.66	11	95.38
STCA001.0321.00002.C001.PICI.TypeB.variant0002.Set1	10429	0.32	11	88.26
STAU002.0321.00036.C001.PICI.TypeB.variant0002.Set3	10337	0.32	11	91.96
STEP001.0321.00002.C001.PICI.TypeB.variant0002.Set2	11038	0.31	11	92.21
STEP001.0321.00008.C001.PICI.TypeB.variant0002.Set1	9340	0.31	11	90.74
BIAN002.0321.00003.C001.PICI.TypeB.variant0001.Set1	7779	0.59	11	96.23
MYTU002.0321.00086.C001.PICI.TypeB.variant0004.Set2	7862	0.66	11	95.38
MYTU002.0321.00020.C001.PICI.TypeB.variant0003.Set1	7024	0.67	11	96.95
STEP001.0321.00022.C001.PICI.TypeB.variant0002.Set1	10806	0.3	11	90.84
STSA003.0321.00010.C001.PICI.TypeB.variant0002.Set3	9654	0.3	11	85.2
ESCO001.0321.01390.C001.PICI.TypeA.Set3	9779	0.5	11	93.86
MYTU002.0321.00014.C001.PICI.TypeB.variant0003.Set2	7023	0.67	11	94.56
ESCO001.0321.01292.C001.PICI.TypeA.Set3	8469	0.46	11	95.7
STAU002.0321.00332.C001.PICI.TypeB.variant0002.Set1	10081	0.31	11	93.97
STAU002.0321.00056.C001.PICI.TypeB.variant0002.Set1	12675	0.32	11	92.37
MYTU002.0321.00054.C001.PICI.TypeB.variant0004.Set2	7862	0.66	11	95.38
ESCO001.0321.01363.C001.PICI.TypeA.Set3	9899	0.5	11	90.49
ESCO001.0321.01512.C001.PICI.TypeA.Set2	9769	0.5	11	94.28
MYAB001.0321.00045.C001.PICI.TypeB.variant0001.Set5	9533	0.64	11	99.52
KOPA002.0321.00001.C001.PICI.TypeB.variant0003.Set1	7029	0.69	11	95.69
MYTU002.0321.00066.C001.PICI.TypeB.variant0003.Set2	7023	0.67	11	94.56
ESCO001.0321.00639.C001.PICI.TypeB.variant0002.Set4	9735	0.5	11	96.38
BIAN002.0321.00017.C001.PICI.TypeB.variant0001.Set1	7779	0.59	11	96.23
STAU002.0321.00081.C001.PICI.TypeB.variant0002.Set3	10150	0.32	11	92.42
STEP001.0321.00036.C001.PICI.TypeB.variant0002.Set1	11881	0.3	11	91.67
STWA001.0321.00008.C001.PICI.TypeB.variant0002.Set1	11395	0.3	11	95.46
MYTU002.0321.00224.C001.PICI.TypeB.variant0003.Set1	7023	0.67	11	94.56
MYTU002.0321.00278.C001.PICI.TypeB.variant0004.Set2	7862	0.66	11	95.38
MYTU002.0321.00186.C001.PICI.TypeB.variant0003.Set2	7023	0.67	11	94.56
STLU004.0321.00015.C001.PICI.TypeB.variant0002.Set1	10320	0.31	11	95.58
STLU004.0321.00017.C001.PICI.TypeB.variant0002.Set1	10316	0.31	11	92.8
MYTU002.0321.00271.C001.PICI.TypeB.variant0003.Set2	7023	0.67	11	94.56
ESCO001.0321.00976.C001.PICI.TypeA.Set1	10150	0.5	11	93.55
STAU002.0321.00205.C001.PICI.TypeB.variant0002.Set2	10700	0.31	11	93.14
ESCO001.0321.00565.C001.PICI.TypeA.Set1	9898	0.5	11	91.86
MYTU002.0321.00083.C001.PICI.TypeB.variant0003.Set2	7023	0.67	11	94.56
STAU002.0321.00140.C001.PICI.TypeB.variant0002.Set1	12679	0.32	11	91.73
STLU004.0321.00016.C001.PICI.TypeB.variant0002.Set2	9315	0.31	11	91.6
MYTU002.0321.00068.C001.PICI.TypeB.variant0003.Set2	7023	0.67	11	94.56
STAU002.0321.00434.C001.PICI.TypeB.variant0002.Set3	10793	0.32	11	92.31
MYTU002.0321.00159.C001.PICI.TypeB.variant0003.Set2	7023	0.67	11	94.56
ESCO001.0321.00263.C001.PICI.TypeA.Set1	9294	0.47	11	94.75
ESCO001.0321.00263.C001.PICI.TypeB.variant0002.Set2	9290	0.47	11	93.58
ESCO001.0321.00263.C001.PICI.TypeA.Set3	9294	0.47	11	94.75
ESCO001.0321.00263.C001.PICI.TypeA.Set4	9294	0.47	11	93.79
ESCO001.0321.00263.C001.PICI.TypeA.Set5	9294	0.47	11	94.75
ESCO001.0321.00263.C001.PICI.TypeA.Set6	9294	0.47	11	94.75
MYTU002.0321.00065.C001.PICI.TypeB.variant0004.Set2	7862	0.66	11	95.38
ESCO001.0321.01548.C001.PICI.TypeA.Set3	9205	0.48	11	97.51
COST002.0321.00001.C001.PICI.TypeB.variant0001.Set3	9944	0.53	11	96.09
MYTU002.0321.00079.C001.PICI.TypeB.variant0004.Set2	7862	0.66	11	95.38
MYBO001.0321.00001.C001.PICI.TypeB.variant0001.Set4	8305	0.62	11	93.81
ESCO001.0321.00697.C001.PICI.TypeA.Set1	9057	0.47	11	94.19
FRTU001.0321.00029.C001.PICI.TypeB.variant0002.Set1	5655	0.3	11	89.25
STSP098.0321.00001.C001.PICI.TypeB.variant0002.Set1	6433	0.6	11	94.11
STEP001.0321.00034.C001.PICI.TypeB.variant0002.Set2	11172	0.31	11	88.33
STWA001.0321.00002.C001.PICI.TypeB.variant0002.Set2	12077	0.3	11	91.6
MYTU002.0321.00008.C001.PICI.TypeB.variant0003.Set1	7023	0.67	11	94.56
THIN005.0321.00001.C001.PICI.TypeB.variant0001.Set1	12965	0.65	11	93.17
ESCO001.0321.01493.C001.PICI.TypeA.Set3	9899	0.5	11	94.12
RHBA002.0321.00001.C001.PICI.TypeB.variant0001.Set2	8398	0.56	11	95.28
RHPY001.0321.00003.C001.PICI.TypeA.Set3	7879	0.69	11	94.56
MYTU002.0321.00011.C001.PICI.TypeB.variant0003.Set1	7023	0.67	11	94.56
KORO001.0321.00001.C001.PICI.TypeB.variant0001.Set1	7635	0.7	11	93.91
STAU002.0321.00065.C001.PICI.TypeB.variant0002.Set2	11956	0.31	11	94.96
ESCO001.0321.01483.C001.PICI.TypeA.Set3	9899	0.5	11	92.38
FUMA001.0321.00001.C001.PICI.TypeA.Set1	7855	0.55	11	97.77
ESCO001.0321.01367.C001.PICI.TypeA.Set3	9899	0.5	11	90.49
CIAM001.0321.00007.C001.PICI.TypeB.variant0001.SetR1	7741	0.48	11	94.12
CIFR005.0321.00052.C001.PICI.TypeB.variant0001.SetR1	7653	0.48	11	94.67
CIFR005.0321.00053.C001.PICI.TypeB.variant0001.SetR1	7653	0.48	11	94.67
CIFR005.0321.00101.C001.PICI.TypeB.variant0001.SetR1	7788	0.49	11	95.01
DEVU001.0321.00001.C001.PICI.TypeB.variant0001.SetR1	23794	0.64	11	97.07
DEVU001.0321.00001.C001.PICI.TypeB.variant0001.SetR2	28264	0.58	11	96.09
DEVU001.0321.00004.C001.PICI.TypeB.variant0001.SetR1	28264	0.58	11	96.09
ESCO001.0321.00097.C001.PICI.TypeA.SetR1	18756	0.5	11	91.53
ESCO001.0321.00309.C001.PICI.TypeB.variant0001.SetR1	8768	0.46	11	92.28
ESCO001.0321.00448.C001.PICI.TypeA.SetR1	9899	0.5	11	92.38
ESCO001.0321.00563.C001.PICI.TypeA.SetR1	9887	0.5	11	90.48
ESCO001.0321.01281.C001.PICI.TypeA.SetR1	9899	0.5	11	92.38
LAPL001.0321.00073.C001.PICI.TypeB.variant0003.SetR1	27113	0.41	11	89.6
LAPL001.0321.00074.C001.PICI.TypeB.variant0003.SetR1	27112	0.41	11	89.35
NIHA002.0321.00001.C001.PICI.TypeB.variant0001.SetR1	7547	0.59	11	98.25
PAKO001.0321.00001.C001.PICI.TypeB.variant0004.SetR1	18425	0.66	11	97.83
PAKO001.0321.00001.C002.PICI.TypeB.variant0004.SetR1	17709	0.65	11	96.9
RHET001.0321.00004.C001.PICI.TypeB.variant0001.SetR1	25890	0.62	11	96.56
SIME002.0321.00002.C001.PICI.TypeB.variant0001.SetR1	22370	0.63	11	95.57
SIME002.0321.00009.C001.PICI.TypeB.variant0001.SetR1	21376	0.62	11	96.85
SIME002.0321.00018.C001.PICI.TypeB.variant0001.SetR1	22385	0.63	11	95.52
SIME002.0321.00024.C001.PICI.TypeB.variant0001.SetR1	22394	0.62	11	95.02
SPYA001.0321.00006.C001.PICI.TypeB.variant0001.SetR1	11151	0.62	11	95.85
STAR001.0321.00001.C001.PICI.TypeB.variant0002.SetR1	9551	0.31	11	85.58
STAU002.0321.00280.C001.PICI.TypeB.variant0004.SetR1	26397	0.33	11	83.46
STSA003.0321.00008.C001.PICI.TypeB.variant0002.SetR1	9417	0.31	11	84.72
STSI001.0321.00003.C001.PICI.TypeB.variant0001.SetR1	9604	0.34	11	95.54
STSI001.0321.00004.C001.PICI.TypeB.variant0001.SetR1	9604	0.34	11	95.54
STSI001.0321.00005.C001.PICI.TypeB.variant0001.SetR1	9604	0.34	11	95.54
STSI001.0321.00006.C001.PICI.TypeB.variant0001.SetR1	9604	0.34	11	95.54
